"Date","Price","Open","High","Low","Change %"
"09/19/2024","3.770","3.736","3.808","3.708","0.75%"
"09/18/2024","3.742","3.672","3.751","3.654","1.77%"
"09/17/2024","3.677","3.657","3.690","3.614","0.50%"
"09/16/2024","3.658","3.646","3.683","3.635","-0.23%"
"09/13/2024","3.667","3.646","3.694","3.638","-0.93%"
"09/12/2024","3.702","3.680","3.704","3.631","0.53%"
"09/11/2024","3.682","3.736","3.736","3.635","-1.41%"
"09/10/2024","3.735","3.766","3.796","3.704","-0.91%"
"09/09/2024","3.769","3.790","3.840","3.742","-1.31%"
"09/06/2024","3.819","3.819","3.849","3.738","-0.14%"
"09/05/2024","3.824","3.844","3.849","3.788","-0.61%"
"09/04/2024","3.848","3.899","3.899","3.818","-1.24%"
"09/03/2024","3.896","3.955","3.956","3.846","-1.49%"
"09/02/2024","3.955","3.906","3.966","3.906","0.47%"
"08/30/2024","3.936","3.934","3.938","3.872","-0.03%"
"08/29/2024","3.938","3.902","3.951","3.880","0.25%"
"08/28/2024","3.928","3.902","3.935","3.870","0.26%"
"08/27/2024","3.918","3.863","3.941","3.839","2.02%"
"08/26/2024","3.840","3.840","3.840","3.840","-0.66%"
"08/23/2024","3.865","3.904","3.913","3.833","-1.08%"
"08/22/2024","3.908","3.840","3.908","3.808","1.82%"
"08/21/2024","3.838","3.859","3.884","3.812","-0.62%"
"08/20/2024","3.862","3.859","3.885","3.832","0.07%"
"08/19/2024","3.859","3.850","3.884","3.813","-0.25%"
"08/16/2024","3.869","3.858","3.878","3.805","0.24%"
"08/15/2024","3.860","3.781","3.868","3.756","2.25%"
"08/14/2024","3.774","3.822","3.825","3.737","-1.37%"
"08/13/2024","3.827","3.847","3.866","3.793","-0.53%"
"08/12/2024","3.847","3.858","3.898","3.821","-0.80%"
"08/09/2024","3.878","3.912","3.912","3.832","-0.89%"
"08/08/2024","3.913","3.876","3.918","3.827","0.73%"
"08/07/2024","3.885","3.863","3.910","3.834","0.60%"
"08/06/2024","3.862","3.826","3.871","3.776","0.73%"
"08/05/2024","3.834","3.767","3.838","3.672","1.00%"
"08/02/2024","3.796","3.849","3.850","3.736","-1.17%"
"08/01/2024","3.841","3.918","3.919","3.796","-2.18%"
"07/31/2024","3.926","3.977","3.977","3.901","-1.58%"
"07/30/2024","3.989","4.001","4.017","3.946","-0.33%"
"07/29/2024","4.002","4.017","4.043","3.947","-0.93%"
"07/26/2024","4.040","4.074","4.115","3.994","-0.90%"
"07/25/2024","4.076","4.098","4.100","4.008","-0.54%"
"07/24/2024","4.099","4.069","4.103","4.025","0.78%"
"07/23/2024","4.067","4.110","4.112","4.039","-1.11%"
"07/22/2024","4.113","4.044","4.114","4.027","1.26%"
"07/19/2024","4.062","4.008","4.064","3.981","1.35%"
"07/18/2024","4.008","4.015","4.025","3.954","-0.19%"
"07/17/2024","4.015","3.989","4.036","3.974","0.72%"
"07/16/2024","3.986","4.046","4.046","3.963","-1.31%"
"07/15/2024","4.039","4.025","4.063","4.004","-0.21%"
"07/12/2024","4.048","4.019","4.087","4.013","0.67%"
"07/11/2024","4.021","4.068","4.113","3.993","-1.22%"
"07/10/2024","4.071","4.091","4.091","4.012","-0.50%"
"07/09/2024","4.091","4.054","4.109","4.032","0.95%"
"07/08/2024","4.052","4.053","4.102","4.024","-0.62%"
"07/05/2024","4.078","4.132","4.132","4.044","-1.33%"
"07/04/2024","4.133","4.106","4.138","4.079","0.55%"
"07/03/2024","4.110","4.146","4.179","4.068","-1.52%"
"07/02/2024","4.174","4.207","4.207","4.120","-0.71%"
"07/01/2024","4.204","4.090","4.212","4.090","2.25%"
"06/28/2024","4.111","4.073","4.123","4.030","0.87%"
"06/27/2024","4.076","4.079","4.115","4.033","-0.06%"
"06/26/2024","4.078","4.024","4.086","4.003","1.25%"
"06/25/2024","4.028","4.021","4.029","3.959","0.00%"
"06/24/2024","4.028","3.993","4.033","3.970","0.37%"
"06/21/2024","4.013","3.993","4.027","3.920","0.56%"
"06/20/2024","3.991","4.008","4.036","3.941","-0.41%"
"06/19/2024","4.008","3.987","4.027","3.954","0.65%"
"06/18/2024","3.982","4.044","4.052","3.957","-1.62%"
"06/17/2024","4.047","3.975","4.060","3.975","1.23%"
"06/14/2024","3.998","4.088","4.088","3.964","-2.03%"
"06/13/2024","4.081","4.087","4.142","4.054","-0.18%"
"06/12/2024","4.088","4.232","4.232","4.062","-3.48%"
"06/11/2024","4.236","4.285","4.286","4.194","-1.11%"
"06/10/2024","4.283","4.183","4.284","4.183","1.85%"
"06/07/2024","4.206","4.116","4.214","4.091","2.15%"
"06/06/2024","4.117","4.130","4.151","4.087","-0.38%"
"06/05/2024","4.133","4.132","4.164","4.098","-0.04%"
"06/04/2024","4.134","4.180","4.180","4.088","-1.14%"
"06/03/2024","4.182","4.237","4.267","4.145","-1.90%"
"05/31/2024","4.263","4.291","4.318","4.217","-0.60%"
"05/30/2024","4.289","4.338","4.338","4.261","-1.16%"
"05/29/2024","4.339","4.220","4.339","4.219","2.81%"
"05/28/2024","4.221","4.200","4.223","4.134","0.33%"
"05/27/2024","4.207","4.177","4.207","4.177","0.16%"
"05/24/2024","4.200","4.192","4.227","4.158","0.04%"
"05/23/2024","4.198","4.183","4.217","4.123","0.34%"
"05/22/2024","4.184","4.090","4.198","4.080","2.17%"
"05/21/2024","4.095","4.130","4.130","4.061","-0.86%"
"05/20/2024","4.130","4.064","4.131","4.057","1.08%"
"05/17/2024","4.086","4.034","4.088","4.011","1.17%"
"05/16/2024","4.039","4.010","4.042","3.975","0.55%"
"05/15/2024","4.017","4.106","4.107","3.988","-2.39%"
"05/14/2024","4.115","4.119","4.148","4.062","-0.16%"
"05/13/2024","4.122","4.091","4.122","4.057","0.10%"
"05/10/2024","4.117","4.085","4.116","4.021","0.68%"
"05/09/2024","4.089","4.089","4.134","4.057","-0.14%"
"05/08/2024","4.095","4.096","4.120","4.059","-0.02%"
"05/07/2024","4.096","4.196","4.197","4.064","-2.00%"
"05/06/2024","4.180","4.160","4.180","4.160","-0.01%"
"05/03/2024","4.181","4.251","4.254","4.138","-1.54%"
"05/02/2024","4.246","4.327","4.329","4.221","-1.88%"
"05/01/2024","4.327","4.320","4.349","4.280","0.33%"
"04/30/2024","4.313","4.256","4.320","4.226","1.35%"
"04/29/2024","4.256","4.273","4.297","4.219","-0.96%"
"04/26/2024","4.297","4.327","4.327","4.241","-0.78%"
"04/25/2024","4.331","4.301","4.352","4.245","0.77%"
"04/24/2024","4.298","4.201","4.317","4.201","2.28%"
"04/23/2024","4.202","4.169","4.239","4.141","0.90%"
"04/22/2024","4.164","4.180","4.223","4.140","-0.89%"
"04/19/2024","4.202","4.246","4.256","4.166","-0.92%"
"04/18/2024","4.241","4.212","4.245","4.156","0.67%"
"04/17/2024","4.213","4.261","4.294","4.196","-1.12%"
"04/16/2024","4.260","4.207","4.291","4.180","1.44%"
"04/15/2024","4.200","4.083","4.219","4.083","2.36%"
"04/12/2024","4.103","4.157","4.160","4.042","-1.64%"
"04/11/2024","4.172","4.112","4.195","4.089","1.72%"
"04/10/2024","4.101","3.980","4.103","3.937","2.83%"
"04/09/2024","3.989","4.045","4.045","3.953","-1.42%"
"04/08/2024","4.046","4.001","4.075","4.001","0.55%"
"04/05/2024","4.024","3.985","4.044","3.944","1.06%"
"04/04/2024","3.982","3.988","4.006","3.913","-0.34%"
"04/03/2024","3.995","4.023","4.052","3.962","-0.75%"
"04/02/2024","4.025","3.895","4.052","3.895","3.72%"
"04/01/2024","3.881","3.881","3.881","3.881","-0.70%"
"03/29/2024","3.908","3.908","3.908","3.908","0.00%"
"03/28/2024","3.908","3.908","3.948","3.861","0.06%"
"03/27/2024","3.906","3.938","3.952","3.875","-0.79%"
"03/26/2024","3.937","3.967","3.968","3.888","-0.53%"
"03/25/2024","3.958","3.883","3.983","3.873","1.25%"
"03/22/2024","3.909","3.972","3.973","3.868","-1.51%"
"03/21/2024","3.969","3.992","3.993","3.878","-0.53%"
"03/20/2024","3.990","4.020","4.021","3.942","-1.01%"
"03/19/2024","4.031","4.056","4.056","3.972","-0.48%"
"03/18/2024","4.050","4.031","4.065","3.996","0.48%"
"03/17/2024","4.031","4.031","4.045","4.031","-0.34%"
"03/16/2024","4.045","4.045","4.045","4.045","-0.19%"
"03/15/2024","4.052","4.038","4.076","4.008","0.20%"
"03/14/2024","4.044","3.966","4.045","3.912","2.23%"
"03/13/2024","3.956","3.909","3.973","3.855","1.17%"
"03/12/2024","3.910","3.927","3.927","3.830","-0.37%"
"03/11/2024","3.924","3.932","3.958","3.878","0.14%"
"03/10/2024","3.919","3.919","3.919","3.919","-0.33%"
"03/09/2024","3.932","3.919","3.936","3.932","-0.10%"
"03/08/2024","3.936","3.973","3.974","3.886","-0.84%"
"03/07/2024","3.969","3.977","4.008","3.886","-0.50%"
"03/06/2024","3.989","4.013","4.070","3.980","-0.57%"
"03/05/2024","4.012","4.123","4.124","3.997","-2.50%"
"03/04/2024","4.115","4.103","4.135","4.071","0.68%"
"03/02/2024","4.087","4.087","4.087","4.087","0.00%"
"03/01/2024","4.087","4.081","4.135","4.014","-0.58%"
"02/29/2024","4.111","4.176","4.218","4.040","-1.56%"
"02/28/2024","4.176","4.196","4.198","4.155","-0.51%"
"02/27/2024","4.197","4.173","4.200","4.108","0.64%"
"02/26/2024","4.171","4.107","4.173","4.075","1.55%"
"02/24/2024","4.107","4.107","4.107","4.107","0.00%"
"02/23/2024","4.107","4.173","4.202","4.086","-1.55%"
"02/22/2024","4.172","4.154","4.207","4.114","0.22%"
"02/21/2024","4.163","4.102","4.168","4.102","1.50%"
"02/20/2024","4.101","4.110","4.135","4.053","-0.19%"
"02/19/2024","4.109","4.111","4.122","4.089","-0.05%"
"02/18/2024","4.111","4.111","4.111","4.111","0.00%"
"02/16/2024","4.111","4.109","4.134","4.069","0.22%"
"02/15/2024","4.102","4.067","4.119","4.038","0.14%"
"02/14/2024","4.096","4.139","4.155","4.096","-1.17%"
"02/13/2024","4.145","4.069","4.157","4.050","2.37%"
"02/12/2024","4.049","4.075","4.077","4.029","-0.64%"
"02/11/2024","4.075","4.075","4.075","4.075","0.00%"
"02/09/2024","4.075","4.103","4.139","4.043","-0.69%"
"02/08/2024","4.103","4.043","4.106","4.010","1.52%"
"02/07/2024","4.042","4.001","4.052","4.001","0.80%"
"02/06/2024","4.010","4.044","4.075","4.001","-0.23%"
"02/05/2024","4.019","3.921","4.046","3.921","2.50%"
"02/04/2024","3.921","3.921","3.921","3.921","0.00%"
"02/03/2024","3.921","3.921","3.921","3.921","0.00%"
"02/02/2024","3.921","3.833","3.939","3.792","2.28%"
"02/01/2024","3.834","3.856","3.911","3.797","-0.57%"
"01/31/2024","3.856","3.970","3.970","3.854","-2.74%"
"01/30/2024","3.964","3.937","3.983","3.901","0.71%"
"01/29/2024","3.937","4.014","4.014","3.932","-1.93%"
"01/27/2024","4.014","4.012","4.014","4.012","0.04%"
"01/26/2024","4.012","4.032","4.046","3.959","-0.47%"
"01/25/2024","4.031","3.996","4.055","3.953","1.22%"
"01/24/2024","3.983","4.026","4.076","3.953","-1.03%"
"01/23/2024","4.024","3.954","4.030","3.905","1.67%"
"01/22/2024","3.958","3.964","3.964","3.907","-0.15%"
"01/20/2024","3.964","3.964","3.964","3.964","-0.07%"
"01/19/2024","3.967","3.976","3.998","3.899","-0.24%"
"01/18/2024","3.977","3.948","3.990","3.887","0.17%"
"01/17/2024","3.970","3.851","3.979","3.843","3.22%"
"01/16/2024","3.846","3.777","3.847","3.736","1.00%"
"01/15/2024","3.808","3.816","3.841","3.753","-0.18%"
"01/13/2024","3.815","3.815","3.815","3.815","0.08%"
"01/12/2024","3.812","3.878","3.878","3.794","-1.59%"
"01/11/2024","3.874","3.848","3.883","3.757","0.63%"
"01/10/2024","3.850","3.825","3.852","3.740","0.72%"
"01/09/2024","3.822","3.825","3.843","3.732","-0.11%"
"01/08/2024","3.826","3.866","3.888","3.815","-0.39%"
"01/05/2024","3.841","3.841","3.841","3.841","1.92%"
"01/04/2024","3.769","3.769","3.769","3.769","3.31%"
"01/03/2024","3.648","3.648","3.648","3.648","-0.37%"
"01/02/2024","3.662","3.566","3.669","3.565","2.70%"
"01/01/2024","3.566","3.566","3.566","3.566","0.00%"
"12/29/2023","3.566","3.519","3.602","3.463","1.41%"
"12/28/2023","3.516","3.469","3.529","3.416","1.45%"
"12/27/2023","3.466","3.532","3.542","3.411","-1.95%"
"12/26/2023","3.535","3.535","3.535","3.535","0.00%"
"12/25/2023","3.535","3.535","3.535","3.535","0.00%"
"12/22/2023","3.535","3.504","3.546","3.481","0.43%"
"12/21/2023","3.520","3.564","3.609","3.507","-1.39%"
"12/20/2023","3.570","3.693","3.697","3.542","-3.30%"
"12/19/2023","3.691","3.709","3.729","3.648","-1.28%"
"12/18/2023","3.739","3.767","3.783","3.648","-0.59%"
"12/15/2023","3.761","3.874","3.874","3.692","-2.73%"
"12/14/2023","3.867","3.915","3.912","3.699","-1.03%"
"12/13/2023","3.907","4.073","4.074","3.907","-3.87%"
"12/12/2023","4.064","4.105","4.105","4.029","-1.01%"
"12/11/2023","4.106","4.072","4.118","4.047","0.83%"
"12/10/2023","4.072","4.072","4.072","4.072","0.00%"
"12/08/2023","4.072","4.060","4.102","4.021","0.29%"
"12/07/2023","4.060","4.050","4.060","4.001","0.33%"
"12/06/2023","4.047","4.052","4.099","3.986","-0.53%"
"12/05/2023","4.068","4.275","4.275","4.059","-4.96%"
"12/04/2023","4.280","4.221","4.284","4.221","1.24%"
"12/01/2023","4.228","4.213","4.266","4.166","0.69%"
"11/30/2023","4.199","4.177","4.281","4.168","0.31%"
"11/29/2023","4.186","4.275","4.275","4.142","-1.79%"
"11/28/2023","4.263","4.304","4.336","4.249","-1.19%"
"11/27/2023","4.314","4.318","4.389","4.310","-0.10%"
"11/26/2023","4.318","4.318","4.318","4.318","0.00%"
"11/24/2023","4.318","4.282","4.360","4.282","0.58%"
"11/23/2023","4.293","4.210","4.307","4.188","1.95%"
"11/22/2023","4.211","4.144","4.232","4.120","0.96%"
"11/21/2023","4.171","4.172","4.173","4.123","0.02%"
"11/20/2023","4.170","4.147","4.201","4.147","0.55%"
"11/19/2023","4.147","4.147","4.147","4.147","0.00%"
"11/18/2023","4.147","4.147","4.147","4.147","0.00%"
"11/17/2023","4.147","4.246","4.246","4.130","-2.45%"
"11/16/2023","4.251","4.256","4.309","4.220","-0.77%"
"11/15/2023","4.284","4.266","4.332","4.234","0.44%"
"11/14/2023","4.265","4.367","4.379","4.253","-2.17%"
"11/13/2023","4.360","4.384","4.407","4.342","-0.55%"
"11/12/2023","4.384","4.384","4.384","4.384","0.00%"
"11/11/2023","4.384","4.384","4.384","4.384","0.00%"
"11/10/2023","4.384","4.323","4.396","4.323","1.43%"
"11/09/2023","4.322","4.344","4.393","4.292","-0.61%"
"11/08/2023","4.348","4.392","4.393","4.336","-1.00%"
"11/07/2023","4.392","4.493","4.493","4.381","-2.20%"
"11/06/2023","4.491","4.414","4.497","4.414","1.57%"
"11/03/2023","4.422","4.510","4.540","4.403","-2.07%"
"11/02/2023","4.515","4.623","4.625","4.465","-2.24%"
"11/01/2023","4.618","4.648","4.669","4.585","-0.57%"
"10/31/2023","4.645","4.624","4.650","4.583","0.38%"
"10/30/2023","4.627","4.699","4.715","4.619","-1.46%"
"10/28/2023","4.696","4.696","4.696","4.696","0.00%"
"10/27/2023","4.696","4.721","4.730","4.673","-0.62%"
"10/26/2023","4.725","4.673","4.774","4.665","1.01%"
"10/25/2023","4.678","4.685","4.758","4.671","-0.07%"
"10/24/2023","4.681","4.742","4.743","4.654","-1.43%"
"10/23/2023","4.749","4.789","4.873","4.745","-0.90%"
"10/20/2023","4.792","4.854","4.864","4.786","-0.88%"
"10/19/2023","4.835","4.727","4.836","4.727","2.41%"
"10/18/2023","4.721","4.611","4.733","4.611","2.90%"
"10/17/2023","4.588","4.577","4.639","4.545","0.13%"
"10/16/2023","4.582","4.561","4.583","4.530","0.51%"
"10/13/2023","4.559","4.527","4.585","4.466","0.48%"
"10/12/2023","4.537","4.510","4.540","4.447","0.60%"
"10/11/2023","4.510","4.598","4.616","4.498","-2.25%"
"10/10/2023","4.614","4.657","4.702","4.601","-0.95%"
"10/09/2023","4.658","4.673","4.744","4.653","-0.33%"
"10/08/2023","4.673","4.673","4.673","4.673","0.00%"
"10/06/2023","4.673","4.697","4.759","4.669","-0.58%"
"10/05/2023","4.700","4.740","4.793","4.698","-0.88%"
"10/04/2023","4.742","4.682","4.821","4.682","1.13%"
"10/03/2023","4.689","4.639","4.702","4.604","0.75%"
"10/02/2023","4.654","4.634","4.675","4.570","0.59%"
"09/29/2023","4.627","4.651","4.660","4.580","-0.56%"
"09/28/2023","4.653","4.477","4.669","4.477","3.37%"
"09/27/2023","4.501","4.523","4.535","4.460","-0.43%"
"09/26/2023","4.520","4.471","4.520","4.414","1.85%"
"09/25/2023","4.438","4.379","4.458","4.379","1.35%"
"09/24/2023","4.379","4.379","4.379","4.379","0.00%"
"09/22/2023","4.379","4.470","4.476","4.365","-2.18%"
"09/21/2023","4.477","4.403","4.485","4.372","1.46%"
"09/20/2023","4.412","4.475","4.487","4.406","-1.41%"
"09/19/2023","4.475","4.521","4.521","4.461","-0.82%"
"09/18/2023","4.512","4.479","4.545","4.471","0.74%"
"09/17/2023","4.479","4.479","4.479","4.479","0.00%"
"09/15/2023","4.479","4.478","4.506","4.436","0.05%"
"09/14/2023","4.477","4.525","4.549","4.431","-1.10%"
"09/13/2023","4.527","4.606","4.617","4.523","-1.63%"
"09/12/2023","4.602","4.653","4.657","4.590","-1.00%"
"09/11/2023","4.648","4.619","4.683","4.619","0.56%"
"09/08/2023","4.622","4.662","4.663","4.606","-0.93%"
"09/07/2023","4.666","4.672","4.705","4.607","-0.07%"
"09/06/2023","4.669","4.637","4.688","4.630","0.37%"
"09/05/2023","4.652","4.603","4.662","4.591","0.98%"
"09/04/2023","4.607","4.570","4.613","4.552","0.81%"
"09/03/2023","4.570","4.570","4.570","4.570","0.00%"
"09/01/2023","4.570","4.585","4.622","4.521","-0.19%"
"08/31/2023","4.579","4.586","4.622","4.545","-0.23%"
"08/30/2023","4.589","4.585","4.633","4.558","0.07%"
"08/29/2023","4.586","4.618","4.672","4.579","-0.48%"
"08/28/2023","4.608","4.608","4.608","4.608","0.00%"
"08/27/2023","4.608","4.608","4.608","4.608","0.00%"
"08/25/2023","4.608","4.663","4.701","4.595","-1.21%"
"08/24/2023","4.665","4.680","4.694","4.621","-0.52%"
"08/23/2023","4.689","4.816","4.856","4.686","-2.09%"
"08/22/2023","4.789","4.863","4.865","4.789","-1.56%"
"08/21/2023","4.865","4.886","4.886","4.798","-0.33%"
"08/18/2023","4.881","4.861","4.928","4.861","-0.10%"
"08/17/2023","4.886","4.764","4.890","4.764","2.22%"
"08/16/2023","4.780","4.794","4.843","4.770","-0.17%"
"08/15/2023","4.788","4.700","4.802","4.699","2.01%"
"08/14/2023","4.694","4.664","4.711","4.648","0.64%"
"08/13/2023","4.664","4.664","4.664","4.664","0.00%"
"08/11/2023","4.664","4.588","4.675","4.556","1.73%"
"08/10/2023","4.585","4.531","4.601","4.500","1.41%"
"08/09/2023","4.521","4.546","4.576","4.517","-0.62%"
"08/08/2023","4.549","4.667","4.668","4.493","-2.59%"
"08/07/2023","4.670","4.600","4.684","4.599","1.69%"
"08/05/2023","4.593","4.593","4.593","4.593","0.00%"
"08/04/2023","4.593","4.609","4.641","4.565","-0.29%"
"08/03/2023","4.606","4.542","4.632","4.542","1.34%"
"08/02/2023","4.545","4.548","4.586","4.529","-0.35%"
"08/01/2023","4.561","4.525","4.608","4.513","0.70%"
"07/31/2023","4.529","4.566","4.597","4.522","-0.61%"
"07/29/2023","4.557","4.557","4.557","4.557","0.00%"
"07/28/2023","4.557","4.491","4.588","4.484","1.54%"
"07/27/2023","4.488","4.465","4.500","4.423","0.81%"
"07/26/2023","4.452","4.500","4.536","4.430","-0.97%"
"07/25/2023","4.496","4.493","4.520","4.434","0.03%"
"07/24/2023","4.494","4.442","4.495","4.405","1.18%"
"07/23/2023","4.442","4.442","4.442","4.442","0.00%"
"07/21/2023","4.442","4.439","4.483","4.424","-0.18%"
"07/20/2023","4.450","4.372","4.450","4.348","1.55%"
"07/19/2023","4.382","4.602","4.611","4.373","-4.58%"
"07/18/2023","4.592","4.625","4.652","4.588","-0.47%"
"07/17/2023","4.614","4.632","4.696","4.586","-2.05%"
"07/14/2023","4.711","4.671","4.726","4.641","0.88%"
"07/13/2023","4.669","4.769","4.769","4.669","-2.08%"
"07/12/2023","4.769","4.832","4.888","4.768","-1.47%"
"07/11/2023","4.840","4.818","4.906","4.818","0.37%"
"07/10/2023","4.822","4.809","4.848","4.788","0.27%"
"07/09/2023","4.809","4.809","4.809","4.809","0.00%"
"07/08/2023","4.809","4.809","4.809","4.809","0.00%"
"07/07/2023","4.809","4.835","4.893","4.803","-0.82%"
"07/06/2023","4.849","4.679","4.885","4.679","3.32%"
"07/05/2023","4.693","4.677","4.710","4.583","0.32%"
"07/04/2023","4.678","4.697","4.704","4.580","-0.31%"
"07/03/2023","4.693","4.635","4.703","4.620","1.18%"
"07/01/2023","4.638","4.638","4.638","4.638","0.00%"
"06/30/2023","4.638","4.541","4.693","4.541","1.63%"
"06/29/2023","4.564","4.506","4.594","4.497","1.72%"
"06/28/2023","4.487","4.539","4.560","4.475","-0.86%"
"06/27/2023","4.526","4.527","4.576","4.456","-0.13%"
"06/26/2023","4.532","4.510","4.550","4.449","-0.86%"
"06/23/2023","4.571","4.536","4.573","4.436","1.05%"
"06/22/2023","4.524","4.550","4.649","4.501","-0.64%"
"06/21/2023","4.553","4.550","4.663","4.537","0.13%"
"06/20/2023","4.547","4.622","4.627","4.531","-1.68%"
"06/19/2023","4.625","4.546","4.625","4.517","1.74%"
"06/18/2023","4.546","4.546","4.546","4.546","0.00%"
"06/16/2023","4.546","4.516","4.560","4.475","0.89%"
"06/15/2023","4.506","4.535","4.585","4.474","-0.33%"
"06/14/2023","4.521","4.572","4.582","4.512","-1.14%"
"06/13/2023","4.573","4.453","4.581","4.452","2.37%"
"06/12/2023","4.467","4.444","4.488","4.378","0.51%"
"06/10/2023","4.444","4.444","4.444","4.444","0.00%"
"06/09/2023","4.444","4.403","4.485","4.367","1.35%"
"06/08/2023","4.385","4.377","4.489","4.374","-0.09%"
"06/07/2023","4.389","4.352","4.396","4.319","1.06%"
"06/06/2023","4.343","4.360","4.379","4.307","-0.09%"
"06/05/2023","4.347","4.291","4.366","4.284","1.31%"
"06/04/2023","4.291","4.291","4.291","4.291","0.00%"
"06/02/2023","4.291","4.320","4.355","4.263","-1.07%"
"06/01/2023","4.337","4.374","4.407","4.297","-0.81%"
"05/31/2023","4.373","4.462","4.463","4.361","-1.96%"
"05/30/2023","4.460","4.468","4.527","4.403","-0.22%"
"05/29/2023","4.470","4.470","4.470","4.470","0.00%"
"05/28/2023","4.470","4.470","4.470","4.470","0.00%"
"05/26/2023","4.470","4.496","4.544","4.451","-0.73%"
"05/25/2023","4.503","4.397","4.514","4.382","2.13%"
"05/24/2023","4.409","4.273","4.516","4.272","3.21%"
"05/23/2023","4.272","4.167","4.288","4.167","2.32%"
"05/22/2023","4.175","4.127","4.182","4.078","1.16%"
"05/21/2023","4.127","4.127","4.127","4.127","0.00%"
"05/19/2023","4.127","4.082","4.197","4.060","0.93%"
"05/18/2023","4.089","4.041","4.096","4.005","1.15%"
"05/17/2023","4.043","4.015","4.046","3.962","0.62%"
"05/16/2023","4.018","4.020","4.028","3.950","-0.10%"
"05/15/2023","4.022","3.987","4.028","3.934","0.70%"
"05/13/2023","3.994","3.994","3.994","3.994","0.00%"
"05/12/2023","3.994","3.942","4.010","3.891","1.46%"
"05/11/2023","3.936","4.021","4.025","3.866","-2.18%"
"05/10/2023","4.024","4.077","4.092","3.975","-1.14%"
"05/09/2023","4.070","4.007","4.075","3.975","1.82%"
"05/08/2023","3.997","3.997","3.997","3.997","0.00%"
"05/06/2023","3.997","3.997","3.997","3.997","0.00%"
"05/05/2023","3.997","3.887","4.026","3.887","2.50%"
"05/04/2023","3.900","3.900","3.991","3.839","-0.64%"
"05/03/2023","3.925","3.902","3.943","3.830","0.33%"
"05/02/2023","3.912","3.954","4.022","3.841","-1.09%"
"05/01/2023","3.955","3.955","3.955","3.955","0.00%"
"04/29/2023","3.955","3.955","3.955","3.955","0.00%"
"04/28/2023","3.955","4.002","4.011","3.889","-1.16%"
"04/27/2023","4.001","3.933","4.003","3.885","1.50%"
"04/26/2023","3.942","3.887","3.946","3.839","0.66%"
"04/25/2023","3.917","3.989","3.997","3.845","-1.92%"
"04/24/2023","3.993","3.897","3.999","3.872","2.19%"
"04/23/2023","3.908","3.897","3.908","3.897","0.00%"
"04/21/2023","3.908","3.939","3.971","3.855","-0.83%"
"04/20/2023","3.941","4.019","4.037","3.909","-1.66%"
"04/19/2023","4.007","3.916","4.029","3.872","3.18%"
"04/18/2023","3.884","3.843","3.910","3.824","0.40%"
"04/17/2023","3.869","3.847","3.882","3.765","0.38%"
"04/15/2023","3.854","3.854","3.854","3.854","0.00%"
"04/14/2023","3.854","3.782","3.858","3.727","1.55%"
"04/13/2023","3.795","3.756","3.819","3.695","0.20%"
"04/12/2023","3.788","3.734","3.817","3.616","1.58%"
"04/11/2023","3.729","3.621","3.739","3.606","2.76%"
"04/10/2023","3.629","3.629","3.629","3.612","-0.46%"
"04/07/2023","3.645","3.645","3.645","3.645","0.00%"
"04/06/2023","3.645","3.607","3.672","3.563","0.57%"
"04/05/2023","3.625","3.611","3.699","3.585","-0.56%"
"04/04/2023","3.645","3.625","3.745","3.591","0.22%"
"04/03/2023","3.637","3.705","3.741","3.587","-1.79%"
"03/31/2023","3.703","3.743","3.802","3.664","-1.07%"
"03/30/2023","3.743","3.656","3.768","3.605","1.69%"
"03/29/2023","3.681","3.672","3.753","3.626","-0.61%"
"03/28/2023","3.704","3.634","3.727","3.606","1.99%"
"03/27/2023","3.632","3.517","3.671","3.495","2.70%"
"03/25/2023","3.536","3.536","3.536","3.536","0.00%"
"03/24/2023","3.536","3.571","3.591","3.361","-0.95%"
"03/23/2023","3.570","3.668","3.716","3.537","-3.40%"
"03/22/2023","3.695","3.590","3.765","3.590","2.12%"
"03/21/2023","3.618","3.576","3.658","3.525","1.16%"
"03/20/2023","3.577","3.561","3.589","3.364","0.05%"
"03/17/2023","3.575","3.726","3.726","3.439","-3.82%"
"03/16/2023","3.717","3.611","3.745","3.497","1.49%"
"03/15/2023","3.663","3.765","3.810","3.530","-2.86%"
"03/14/2023","3.771","3.681","3.830","3.582","2.13%"
"03/13/2023","3.692","3.837","3.853","3.464","-4.32%"
"03/10/2023","3.859","3.974","3.997","3.735","-3.71%"
"03/09/2023","4.007","3.955","4.017","3.907","0.89%"
"03/08/2023","3.972","3.975","4.028","3.881","-0.74%"
"03/07/2023","4.002","3.998","4.088","3.931","-0.56%"
"03/06/2023","4.024","3.997","4.051","3.942","0.68%"
"03/05/2023","3.997","3.997","3.997","3.997","-0.54%"
"03/03/2023","4.018","4.071","4.106","3.984","-1.70%"
"03/02/2023","4.088","4.003","4.096","3.983","1.26%"
"03/01/2023","4.037","3.991","4.058","3.928","0.48%"
"02/28/2023","4.018","4.024","4.100","3.963","-0.14%"
"02/27/2023","4.024","3.970","4.051","3.887","1.22%"
"02/24/2023","3.975","3.883","3.997","3.817","1.83%"
"02/23/2023","3.904","3.917","3.952","3.847","-0.26%"
"02/22/2023","3.914","3.914","3.975","3.855","0.20%"
"02/21/2023","3.906","3.751","3.925","3.695","4.09%"
"02/20/2023","3.752","3.801","3.816","3.687","-1.29%"
"02/17/2023","3.802","3.797","3.907","3.740","0.16%"
"02/16/2023","3.795","3.747","3.867","3.700","0.78%"
"02/15/2023","3.766","3.830","3.833","3.677","-1.69%"
"02/14/2023","3.831","3.711","3.840","3.658","3.59%"
"02/13/2023","3.698","3.681","3.740","3.670","0.46%"
"02/12/2023","3.681","3.681","3.681","3.681","-0.55%"
"02/10/2023","3.701","3.597","3.706","3.597","2.35%"
"02/09/2023","3.616","3.591","3.632","3.516","-0.15%"
"02/08/2023","3.622","3.594","3.677","3.562","0.52%"
"02/07/2023","3.603","3.531","3.646","3.521","1.22%"
"02/06/2023","3.560","3.367","3.588","3.367","5.72%"
"02/05/2023","3.367","3.367","3.367","3.367","-0.45%"
"02/03/2023","3.382","3.324","3.446","3.316","1.05%"
"02/02/2023","3.347","3.607","3.633","3.304","-7.69%"
"02/01/2023","3.626","3.640","3.673","3.552","-0.97%"
"01/31/2023","3.661","3.657","3.677","3.554","0.12%"
"01/30/2023","3.657","3.591","3.686","3.576","1.84%"
"01/29/2023","3.591","3.591","3.591","3.591","0.00%"
"01/28/2023","3.591","3.591","3.591","3.591","-0.55%"
"01/27/2023","3.611","3.591","3.658","3.583","-0.14%"
"01/26/2023","3.616","3.556","3.641","3.502","1.82%"
"01/25/2023","3.551","3.587","3.619","3.474","-1.65%"
"01/24/2023","3.610","3.673","3.688","3.549","-1.78%"
"01/23/2023","3.676","3.651","3.712","3.576","0.00%"
"01/20/2023","3.676","3.576","3.683","3.536","1.86%"
"01/19/2023","3.609","3.587","3.650","3.486","0.07%"
"01/18/2023","3.606","3.587","3.675","3.465","-0.30%"
"01/17/2023","3.617","3.639","3.722","3.548","-1.41%"
"01/16/2023","3.669","3.649","3.726","3.610","0.05%"
"01/13/2023","3.667","3.584","3.682","3.521","2.44%"
"01/12/2023","3.580","3.706","3.713","3.531","-2.95%"
"01/11/2023","3.689","3.854","3.871","3.639","-4.63%"
"01/10/2023","3.868","3.850","3.911","3.817","0.47%"
"01/09/2023","3.850","3.799","3.888","3.793","0.59%"
"01/06/2023","3.827","3.883","3.932","3.778","-1.46%"
"01/05/2023","3.884","3.818","3.909","3.779","1.73%"
"01/04/2023","3.818","3.954","3.954","3.764","-3.87%"
"01/03/2023","3.971","3.957","4.012","3.813","0.35%"
"01/02/2023","3.958","3.967","3.967","3.958","-0.23%"
"01/01/2023","3.967","3.967","3.967","3.967","0.00%"
"12/30/2022","3.967","3.978","4.025","3.948","0.32%"
"12/29/2022","3.954","3.994","4.051","3.912","-1.07%"
"12/28/2022","3.997","4.002","4.144","3.927","-0.51%"
"12/27/2022","4.018","4.018","4.018","4.018","0.00%"
"12/26/2022","4.018","4.018","4.018","4.018","0.00%"
"12/23/2022","4.018","3.948","4.030","3.898","1.15%"
"12/22/2022","3.972","3.932","3.973","3.851","0.92%"
"12/21/2022","3.936","3.902","3.961","3.853","0.09%"
"12/20/2022","3.932","3.845","3.972","3.793","2.98%"
"12/19/2022","3.819","3.674","3.827","3.674","3.94%"
"12/18/2022","3.674","3.674","3.674","3.674","-0.50%"
"12/16/2022","3.693","3.609","3.762","3.574","3.03%"
"12/15/2022","3.584","3.707","3.732","3.547","-3.89%"
"12/14/2022","3.729","3.697","3.755","3.621","0.53%"
"12/13/2022","3.709","3.612","3.711","3.545","2.34%"
"12/12/2022","3.625","3.590","3.648","3.484","0.33%"
"12/10/2022","3.613","3.613","3.613","3.613","0.00%"
"12/09/2022","3.613","3.533","3.623","3.499","1.69%"
"12/08/2022","3.552","3.481","3.568","3.439","1.16%"
"12/07/2022","3.512","3.480","3.585","3.443","-0.08%"
"12/06/2022","3.515","3.540","3.562","3.426","-0.62%"
"12/05/2022","3.537","3.580","3.615","3.466","-2.10%"
"12/02/2022","3.612","3.573","3.653","3.448","0.88%"
"12/01/2022","3.581","3.624","3.635","3.510","-1.91%"
"11/30/2022","3.651","3.557","3.678","3.544","1.92%"
"11/29/2022","3.582","3.586","3.644","3.498","0.37%"
"11/28/2022","3.569","3.588","3.692","3.516","-1.44%"
"11/26/2022","3.621","3.621","3.621","3.621","0.00%"
"11/25/2022","3.621","3.565","3.655","3.523","1.75%"
"11/24/2022","3.559","3.507","3.572","3.345","1.36%"
"11/23/2022","3.511","3.610","3.633","3.436","-2.96%"
"11/22/2022","3.619","3.684","3.707","3.561","-1.53%"
"11/21/2022","3.675","3.715","3.756","3.588","-1.20%"
"11/20/2022","3.719","3.719","3.719","3.719","0.00%"
"11/18/2022","3.719","3.642","3.760","3.611","1.51%"
"11/17/2022","3.664","3.600","3.695","3.523","1.06%"
"11/16/2022","3.626","3.711","3.789","3.550","-2.88%"
"11/15/2022","3.734","3.789","3.844","3.688","-1.91%"
"11/14/2022","3.806","3.800","3.833","3.693","0.00%"
"11/12/2022","3.806","3.806","3.806","3.806","0.00%"
"11/11/2022","3.806","3.760","3.831","3.680","1.51%"
"11/10/2022","3.750","3.888","3.949","3.651","-3.65%"
"11/09/2022","3.892","4.043","4.052","3.801","-3.63%"
"11/08/2022","4.038","4.111","4.169","3.970","-2.13%"
"11/07/2022","4.126","4.080","4.139","3.983","1.03%"
"11/04/2022","4.084","4.007","4.147","3.974","1.34%"
"11/03/2022","4.030","3.932","4.083","3.928","2.13%"
"11/02/2022","3.946","4.012","4.067","3.892","-1.82%"
"11/01/2022","4.019","4.007","4.095","3.899","-0.21%"
"10/31/2022","4.028","4.049","4.108","3.973","-0.63%"
"10/28/2022","4.053","3.915","4.064","3.851","1.67%"
"10/27/2022","3.987","4.135","4.177","3.866","-3.30%"
"10/26/2022","4.123","4.193","4.238","4.031","-1.74%"
"10/25/2022","4.196","4.247","4.248","4.047","-1.47%"
"10/24/2022","4.259","4.493","4.502","4.185","-5.22%"
"10/23/2022","4.493","4.493","4.493","4.493","0.00%"
"10/21/2022","4.493","4.393","4.612","4.393","2.51%"
"10/20/2022","4.383","4.375","4.536","4.209","-0.77%"
"10/19/2022","4.417","4.553","4.597","4.335","-3.12%"
"10/18/2022","4.559","4.545","4.694","4.443","0.45%"
"10/17/2022","4.539","4.864","4.864","4.502","-6.68%"
"10/16/2022","4.864","4.864","4.864","4.864","0.00%"
"10/14/2022","4.864","4.822","4.882","4.521","1.26%"
"10/13/2022","4.804","5.104","5.120","4.628","-5.47%"
"10/12/2022","5.082","5.056","5.205","4.988","0.42%"
"10/11/2022","5.060","5.055","5.093","4.852","0.38%"
"10/10/2022","5.041","4.777","5.115","4.747","5.53%"
"10/09/2022","4.777","4.777","4.777","4.777","0.00%"
"10/07/2022","4.777","4.695","4.788","4.644","1.82%"
"10/06/2022","4.691","4.569","4.761","4.468","2.84%"
"10/05/2022","4.562","4.364","4.604","4.364","4.39%"
"10/04/2022","4.370","4.434","4.540","4.227","-3.43%"
"10/03/2022","4.525","4.709","4.710","4.366","-4.26%"
"09/30/2022","4.727","4.558","4.748","4.503","2.33%"
"09/29/2022","4.619","4.503","4.720","4.476","2.14%"
"09/28/2022","4.522","4.934","4.996","4.467","-7.56%"
"09/27/2022","4.892","4.661","4.916","4.411","6.12%"
"09/26/2022","4.610","4.148","4.641","4.129","11.36%"
"09/25/2022","4.140","4.148","4.148","4.140","0.00%"
"09/23/2022","4.140","3.873","4.237","3.815","6.21%"
"09/22/2022","3.898","3.733","3.933","3.626","3.83%"
"09/21/2022","3.754","3.709","3.801","3.622","2.02%"
"09/20/2022","3.680","3.501","3.724","3.501","4.45%"
"09/19/2022","3.523","3.522","3.522","3.522","0.00%"
"09/18/2022","3.523","3.523","3.523","3.523","-0.64%"
"09/16/2022","3.546","3.570","3.586","3.483","-0.54%"
"09/15/2022","3.565","3.513","3.574","3.454","0.96%"
"09/14/2022","3.531","3.554","3.625","3.454","-1.08%"
"09/13/2022","3.570","3.451","3.578","3.401","2.62%"
"09/12/2022","3.478","3.486","3.520","3.407","-1.07%"
"09/10/2022","3.516","3.516","3.516","3.516","0.00%"
"09/09/2022","3.516","3.535","3.555","3.387","-1.37%"
"09/08/2022","3.565","3.421","3.567","3.348","3.71%"
"09/07/2022","3.438","3.545","3.545","3.392","-2.85%"
"09/06/2022","3.538","3.392","3.571","3.315","4.53%"
"09/05/2022","3.385","3.346","3.454","3.301","0.47%"
"09/03/2022","3.369","3.369","3.369","3.369","0.00%"
"09/02/2022","3.369","3.341","3.405","3.280","0.81%"
"09/01/2022","3.342","3.245","3.375","3.222","2.63%"
"08/31/2022","3.256","3.194","3.342","3.141","1.74%"
"08/30/2022","3.201","3.119","3.268","3.094","1.93%"
"08/29/2022","3.140","3.140","3.140","3.140","0.00%"
"08/26/2022","3.140","3.113","3.166","3.031","0.12%"
"08/25/2022","3.136","3.187","3.208","3.085","-2.27%"
"08/24/2022","3.209","3.073","3.238","3.046","3.61%"
"08/23/2022","3.097","2.989","3.128","2.913","3.10%"
"08/22/2022","3.004","2.869","3.012","2.817","3.89%"
"08/20/2022","2.892","2.892","2.892","2.892","0.04%"
"08/19/2022","2.890","2.792","2.936","2.791","4.18%"
"08/18/2022","2.774","2.722","2.799","2.677","1.44%"
"08/17/2022","2.735","2.545","2.758","2.545","6.38%"
"08/16/2022","2.571","2.451","2.596","2.429","4.18%"
"08/15/2022","2.468","2.542","2.564","2.411","-3.54%"
"08/12/2022","2.559","2.492","2.586","2.477","2.01%"
"08/11/2022","2.508","2.404","2.523","2.367","4.69%"
"08/10/2022","2.396","2.408","2.463","2.323","-1.40%"
"08/09/2022","2.430","2.382","2.450","2.337","1.47%"
"08/08/2022","2.395","2.461","2.468","2.344","-3.32%"
"08/05/2022","2.477","2.306","2.496","2.296","6.16%"
"08/04/2022","2.333","2.329","2.384","2.210","-0.47%"
"08/03/2022","2.344","2.312","2.419","2.268","1.67%"
"08/02/2022","2.306","2.265","2.321","2.127","1.44%"
"08/01/2022","2.273","2.319","2.368","2.200","-1.67%"
"07/29/2022","2.312","2.334","2.437","2.275","-0.96%"
"07/28/2022","2.334","2.428","2.493","2.271","-3.92%"
"07/27/2022","2.429","2.391","2.462","2.363","1.70%"
"07/26/2022","2.388","2.380","2.414","2.306","-0.52%"
"07/25/2022","2.401","2.384","2.448","2.355","0.71%"
"07/24/2022","2.384","2.384","2.384","2.384","-1.10%"
"07/22/2022","2.410","2.515","2.515","2.340","-3.81%"
"07/21/2022","2.506","2.589","2.672","2.458","-3.41%"
"07/20/2022","2.595","2.633","2.866","2.489","-1.64%"
"07/19/2022","2.638","2.574","2.683","2.503","1.90%"
"07/18/2022","2.589","2.527","2.609","2.498","1.93%"
"07/15/2022","2.540","2.534","2.569","2.421","-0.69%"
"07/14/2022","2.557","2.486","2.589","2.457","2.26%"
"07/13/2022","2.501","2.488","2.589","2.426","-0.30%"
"07/12/2022","2.508","2.583","2.606","2.396","-3.43%"
"07/11/2022","2.597","2.669","2.669","2.512","-2.58%"
"07/08/2022","2.666","2.569","2.673","2.471","4.57%"
"07/07/2022","2.549","2.500","2.592","2.468","2.25%"
"07/06/2022","2.493","2.445","2.519","2.329","2.03%"
"07/05/2022","2.444","2.568","2.598","2.398","-5.36%"
"07/04/2022","2.582","2.478","2.599","2.449","4.26%"
"07/01/2022","2.477","2.628","2.664","2.344","-4.85%"
"06/30/2022","2.603","2.794","2.794","2.564","-6.75%"
"06/29/2022","2.791","2.807","2.883","2.711","-1.60%"
"06/28/2022","2.837","2.711","2.865","2.711","3.69%"
"06/27/2022","2.736","2.628","2.767","2.617","3.61%"
"06/24/2022","2.640","2.651","2.693","2.549","-0.28%"
"06/23/2022","2.648","2.854","2.870","2.577","-7.24%"
"06/22/2022","2.854","2.965","3.032","2.755","-4.64%"
"06/21/2022","2.993","2.931","3.009","2.858","1.66%"
"06/20/2022","2.944","2.789","2.953","2.773","5.55%"
"06/19/2022","2.789","2.789","2.789","2.789","-1.21%"
"06/17/2022","2.823","2.832","2.895","2.703","-0.90%"
"06/16/2022","2.849","2.832","3.043","2.756","0.61%"
"06/15/2022","2.832","2.966","2.966","2.727","-3.84%"
"06/14/2022","2.945","2.850","2.972","2.760","3.08%"
"06/13/2022","2.857","2.763","2.889","2.734","2.35%"
"06/11/2022","2.791","2.791","2.791","2.791","0.10%"
"06/10/2022","2.789","2.647","2.792","2.592","4.79%"
"06/09/2022","2.661","2.571","2.692","2.520","3.63%"
"06/08/2022","2.568","2.519","2.589","2.494","1.54%"
"06/07/2022","2.529","2.544","2.599","2.475","-1.46%"
"06/06/2022","2.567","2.429","2.575","2.429","4.75%"
"06/05/2022","2.450","2.450","2.450","2.450","-0.11%"
"06/03/2022","2.453","2.453","2.453","2.453","-0.04%"
"06/02/2022","2.454","2.454","2.454","2.454","-0.59%"
"06/01/2022","2.468","2.422","2.475","2.379","1.81%"
"05/31/2022","2.424","2.306","2.456","2.252","4.67%"
"05/30/2022","2.316","2.240","2.333","2.218","2.68%"
"05/28/2022","2.256","2.256","2.256","2.256","0.00%"
"05/27/2022","2.256","2.262","2.323","2.178","-1.55%"
"05/26/2022","2.291","2.210","2.302","2.144","2.71%"
"05/25/2022","2.231","2.192","2.241","2.148","2.00%"
"05/24/2022","2.187","2.272","2.283","2.134","-3.91%"
"05/23/2022","2.276","2.165","2.285","2.164","5.12%"
"05/22/2022","2.165","2.165","2.165","2.165","0.00%"
"05/21/2022","2.165","2.165","2.165","2.165","-1.43%"
"05/20/2022","2.197","2.172","2.244","2.149","0.81%"
"05/19/2022","2.179","2.160","2.195","2.071","-0.32%"
"05/18/2022","2.186","2.197","2.246","2.127","-1.56%"
"05/17/2022","2.220","2.065","2.228","2.050","6.25%"
"05/16/2022","2.090","2.059","2.135","2.021","1.49%"
"05/15/2022","2.059","2.059","2.059","2.059","-1.13%"
"05/13/2022","2.082","1.998","2.093","1.996","2.85%"
"05/12/2022","2.025","2.162","2.168","1.975","-5.72%"
"05/11/2022","2.148","2.174","2.259","2.104","-1.73%"
"05/10/2022","2.185","2.253","2.259","2.109","-2.27%"
"05/09/2022","2.236","2.257","2.370","2.214","-2.05%"
"05/07/2022","2.283","2.283","2.283","2.283","0.00%"
"05/06/2022","2.283","2.250","2.312","2.172","1.65%"
"05/05/2022","2.246","2.230","2.263","2.066","0.06%"
"05/04/2022","2.244","2.212","2.294","2.201","0.09%"
"05/03/2022","2.242","2.197","2.312","2.174","3.09%"
"05/02/2022","2.175","2.197","2.197","2.175","0.00%"
"05/01/2022","2.175","2.175","2.175","2.175","0.00%"
"04/30/2022","2.175","2.175","2.175","2.175","-1.32%"
"04/29/2022","2.204","2.165","2.218","2.092","1.22%"
"04/28/2022","2.178","2.095","2.185","2.053","3.63%"
"04/27/2022","2.101","2.089","2.130","2.051","-0.06%"
"04/26/2022","2.103","2.147","2.182","2.048","-1.90%"
"04/25/2022","2.143","2.239","2.267","2.096","-5.10%"
"04/22/2022","2.259","2.306","2.332","2.197","-3.05%"
"04/21/2022","2.330","2.223","2.332","2.185","3.70%"
"04/20/2022","2.246","2.297","2.306","2.168","-2.15%"
"04/19/2022","2.296","2.199","2.324","2.182","5.16%"
"04/18/2022","2.183","2.199","2.199","2.183","0.00%"
"04/17/2022","2.183","2.183","2.183","2.183","0.00%"
"04/16/2022","2.183","2.211","2.211","2.183","-0.83%"
"04/15/2022","2.201","2.201","2.201","2.201","-0.46%"
"04/14/2022","2.211","2.132","2.230","2.089","3.30%"
"04/13/2022","2.141","2.112","2.220","2.092","1.02%"
"04/12/2022","2.119","2.157","2.225","2.088","-2.43%"
"04/11/2022","2.172","2.068","2.176","2.047","4.78%"
"04/08/2022","2.073","2.042","2.110","1.986","1.72%"
"04/07/2022","2.038","1.974","2.078","1.941","1.97%"
"04/06/2022","1.998","1.950","2.059","1.925","1.89%"
"04/05/2022","1.962","1.852","1.980","1.835","5.20%"
"04/04/2022","1.865","1.913","1.932","1.802","-3.09%"
"04/03/2022","1.924","1.924","1.924","1.924","0.00%"
"04/02/2022","1.924","1.924","1.924","1.924","0.00%"
"04/01/2022","1.924","1.924","1.997","1.890","-0.05%"
"03/31/2022","1.925","1.972","2.015","1.891","-3.26%"
"03/30/2022","1.990","1.963","2.029","1.892","2.01%"
"03/29/2022","1.951","1.914","2.055","1.906","0.97%"
"03/28/2022","1.932","1.984","2.054","1.869","-2.63%"
"03/27/2022","1.984","1.984","1.984","1.984","0.00%"
"03/26/2022","1.984","1.984","1.984","1.984","-0.83%"
"03/25/2022","2.001","1.949","2.025","1.887","1.92%"
"03/24/2022","1.963","1.937","2.026","1.901","1.20%"
"03/23/2022","1.940","2.012","2.012","1.908","-3.67%"
"03/22/2022","2.014","1.964","2.017","1.912","3.21%"
"03/21/2022","1.951","1.803","1.961","1.803","7.16%"
"03/19/2022","1.821","1.819","1.821","1.819","0.12%"
"03/18/2022","1.819","1.850","1.886","1.761","-3.12%"
"03/17/2022","1.877","1.929","1.946","1.794","-2.69%"
"03/16/2022","1.929","1.878","1.966","1.878","1.79%"
"03/15/2022","1.895","1.893","1.921","1.845","-1.00%"
"03/14/2022","1.914","1.815","1.928","1.793","5.48%"
"03/12/2022","1.815","1.809","1.815","1.809","0.29%"
"03/11/2022","1.809","1.810","1.867","1.770","-1.24%"
"03/10/2022","1.832","1.809","1.859","1.737","1.49%"
"03/09/2022","1.805","1.752","1.829","1.674","3.75%"
"03/08/2022","1.740","1.605","1.752","1.588","7.81%"
"03/07/2022","1.614","1.566","1.655","1.529","1.95%"
"03/05/2022","1.583","1.583","1.583","1.583","0.36%"
"03/04/2022","1.577","1.605","1.628","1.514","-2.01%"
"03/03/2022","1.610","1.568","1.670","1.533","3.40%"
"03/02/2022","1.557","1.408","1.565","1.392","10.63%"
"03/01/2022","1.407","1.639","1.683","1.368","-15.29%"
"02/28/2022","1.661","1.748","1.748","1.648","-4.32%"
"02/25/2022","1.736","1.723","1.766","1.688","0.72%"
"02/24/2022","1.724","1.733","1.733","1.635","-0.09%"
"02/23/2022","1.725","1.745","1.758","1.693","-0.33%"
"02/22/2022","1.731","1.659","1.737","1.564","4.74%"
"02/21/2022","1.652","1.612","1.662","1.607","3.11%"
"02/18/2022","1.602","1.681","1.699","1.595","-4.58%"
"02/17/2022","1.679","1.742","1.742","1.655","-3.26%"
"02/16/2022","1.736","1.817","1.821","1.723","-3.76%"
"02/15/2022","1.804","1.817","1.820","1.761","0.19%"
"02/14/2022","1.801","1.770","1.803","1.678","2.37%"
"02/11/2022","1.759","1.774","1.787","1.695","-0.11%"
"02/10/2022","1.761","1.653","1.774","1.635","6.52%"
"02/09/2022","1.653","1.696","1.704","1.638","-2.52%"
"02/08/2022","1.696","1.594","1.713","1.594","5.68%"
"02/07/2022","1.605","1.592","1.628","1.578","0.82%"
"02/04/2022","1.592","1.560","1.623","1.525","1.68%"
"02/03/2022","1.565","1.464","1.592","1.454","7.04%"
"02/02/2022","1.462","1.476","1.521","1.444","-1.77%"
"02/01/2022","1.489","1.490","1.521","1.459","-0.27%"
"01/31/2022","1.493","1.460","1.513","1.435","2.81%"
"01/28/2022","1.452","1.419","1.494","1.408","1.70%"
"01/27/2022","1.428","1.414","1.475","1.405","0.66%"
"01/26/2022","1.418","1.384","1.431","1.351","2.45%"
"01/25/2022","1.384","1.337","1.398","1.321","3.58%"
"01/24/2022","1.336","1.361","1.370","1.315","-2.02%"
"01/21/2022","1.364","1.412","1.418","1.331","-3.63%"
"01/20/2022","1.415","1.437","1.464","1.412","-2.14%"
"01/19/2022","1.446","1.438","1.510","1.416","1.37%"
"01/18/2022","1.426","1.396","1.431","1.379","2.21%"
"01/17/2022","1.396","1.381","1.401","1.360","1.82%"
"01/14/2022","1.371","1.332","1.372","1.322","3.22%"
"01/13/2022","1.328","1.346","1.381","1.316","-1.80%"
"01/12/2022","1.352","1.397","1.411","1.334","-3.03%"
"01/11/2022","1.395","1.420","1.421","1.380","-1.49%"
"01/10/2022","1.416","1.406","1.427","1.386","0.96%"
"01/07/2022","1.402","1.381","1.409","1.358","1.93%"
"01/06/2022","1.376","1.327","1.385","1.297","4.81%"
"01/05/2022","1.313","1.316","1.321","1.274","0.27%"
"01/04/2022","1.309","1.192","1.317","1.190","8.46%"
"01/03/2022","1.207","1.207","1.207","1.207","1.26%"
"12/31/2021","1.192","1.205","1.226","1.166","-1.32%"
"12/30/2021","1.208","1.247","1.253","1.201","-2.73%"
"12/29/2021","1.242","1.157","1.259","1.157","7.31%"
"12/28/2021","1.157","1.157","1.157","1.157","0.00%"
"12/27/2021","1.157","1.157","1.157","1.157","0.00%"
"12/24/2021","1.157","1.163","1.210","1.146","-1.48%"
"12/23/2021","1.175","1.153","1.196","1.140","1.79%"
"12/22/2021","1.154","1.139","1.182","1.123","1.51%"
"12/21/2021","1.137","1.037","1.139","1.031","9.97%"
"12/20/2021","1.034","1.014","1.041","0.955","3.08%"
"12/17/2021","1.003","0.991","1.018","0.966","1.21%"
"12/16/2021","0.991","1.017","1.061","0.939","-1.08%"
"12/15/2021","1.002","0.985","1.026","0.959","1.70%"
"12/14/2021","0.985","0.942","1.002","0.942","4.00%"
"12/13/2021","0.947","0.999","0.999","0.940","-3.85%"
"12/10/2021","0.985","1.013","1.032","0.962","-2.01%"
"12/09/2021","1.005","1.042","1.042","0.956","-1.95%"
"12/08/2021","1.025","0.990","1.029","0.936","4.03%"
"12/07/2021","0.985","0.995","1.035","0.967","-0.87%"
"12/06/2021","0.994","0.967","1.026","0.967","0.06%"
"12/03/2021","0.993","1.090","1.090","0.992","-7.15%"
"12/02/2021","1.070","1.031","1.084","1.031","1.24%"
"12/01/2021","1.057","1.042","1.155","1.042","-0.67%"
"11/30/2021","1.064","1.143","1.143","1.027","-5.17%"
"11/29/2021","1.122","1.087","1.157","1.083","3.21%"
"11/26/2021","1.087","1.209","1.209","1.068","-9.98%"
"11/25/2021","1.207","1.210","1.250","1.198","-1.85%"
"11/24/2021","1.230","1.244","1.274","1.188","0.57%"
"11/23/2021","1.223","1.190","1.238","1.155","3.58%"
"11/22/2021","1.181","1.152","1.202","1.114","3.25%"
"11/19/2021","1.144","1.190","1.203","1.107","-3.40%"
"11/18/2021","1.184","1.218","1.236","1.162","-3.49%"
"11/17/2021","1.227","1.288","1.290","1.224","-3.07%"
"11/16/2021","1.266","1.238","1.276","1.187","3.42%"
"11/15/2021","1.224","1.178","1.230","1.136","3.62%"
"11/12/2021","1.181","1.207","1.232","1.156","-1.67%"
"11/11/2021","1.201","1.172","1.229","1.154","2.72%"
"11/10/2021","1.169","1.054","1.179","1.026","10.86%"
"11/09/2021","1.055","1.090","1.092","1.048","-2.79%"
"11/08/2021","1.085","1.086","1.123","1.065","0.65%"
"11/05/2021","1.078","1.183","1.187","1.063","-8.60%"
"11/04/2021","1.179","1.272","1.272","1.143","-7.09%"
"11/03/2021","1.269","1.240","1.281","1.189","3.07%"
"11/02/2021","1.232","1.227","1.268","1.213","-1.27%"
"11/01/2021","1.247","1.020","1.301","0.746","28.58%"
"10/31/2021","0.970","0.993","0.993","0.970","-20.88%"
"10/29/2021","1.226","1.198","1.250","1.162","3.56%"
"10/28/2021","1.184","1.138","1.228","1.133","2.91%"
"10/27/2021","1.151","1.247","1.271","1.143","-8.62%"
"10/26/2021","1.259","1.286","1.300","1.255","-1.64%"
"10/25/2021","1.280","1.285","1.340","1.265","-1.82%"
"10/22/2021","1.304","1.355","1.368","1.296","-3.82%"
"10/21/2021","1.355","1.289","1.373","1.288","4.61%"
"10/20/2021","1.296","1.315","1.324","1.254","-0.25%"
"10/19/2021","1.299","1.291","1.312","1.242","1.30%"
"10/18/2021","1.282","1.280","1.315","1.244","1.62%"
"10/15/2021","1.262","1.169","1.265","1.169","6.85%"
"10/14/2021","1.181","1.264","1.270","1.181","-4.96%"
"10/13/2021","1.243","1.285","1.301","1.179","-3.89%"
"10/12/2021","1.293","1.336","1.342","1.280","-3.10%"
"10/11/2021","1.334","1.313","1.367","1.313","1.91%"
"10/08/2021","1.309","1.235","1.323","1.223","6.04%"
"10/07/2021","1.235","1.242","1.263","1.194","0.08%"
"10/06/2021","1.234","1.260","1.321","1.225","-1.82%"
"10/05/2021","1.257","1.175","1.266","1.163","6.85%"
"10/04/2021","1.176","1.159","1.207","1.153","0.26%"
"10/01/2021","1.173","1.156","1.199","1.138","-0.60%"
"09/30/2021","1.180","1.173","1.231","1.148","1.69%"
"09/29/2021","1.160","1.153","1.173","1.125","0.30%"
"09/28/2021","1.157","1.122","1.234","1.122","2.92%"
"09/27/2021","1.124","1.087","1.147","1.080","3.39%"
"09/24/2021","1.087","1.097","1.139","1.073","0.09%"
"09/23/2021","1.086","0.982","1.089","0.980","10.27%"
"09/22/2021","0.985","1.020","1.020","0.980","-1.89%"
"09/21/2021","1.004","0.968","1.012","0.966","2.65%"
"09/20/2021","0.978","1.027","1.037","0.975","-5.21%"
"09/17/2021","1.032","1.012","1.046","0.982","3.08%"
"09/16/2021","1.001","0.988","1.011","0.942","3.72%"
"09/15/2021","0.965","0.929","0.965","0.908","4.42%"
"09/14/2021","0.924","0.925","0.975","0.904","0.11%"
"09/13/2021","0.923","0.931","0.941","0.910","-0.83%"
"09/10/2021","0.931","0.914","0.938","0.896","1.96%"
"09/09/2021","0.913","0.936","0.951","0.905","-0.80%"
"09/08/2021","0.920","0.887","0.929","0.881","2.45%"
"09/07/2021","0.899","0.873","0.924","0.867","3.32%"
"09/06/2021","0.870","0.897","0.900","0.859","-2.46%"
"09/03/2021","0.891","0.874","0.909","0.846","3.35%"
"09/02/2021","0.863","0.872","0.889","0.847","-0.92%"
"09/01/2021","0.871","0.896","0.906","0.864","-2.74%"
"08/31/2021","0.895","0.850","0.914","0.816","5.23%"
"08/30/2021","0.851","0.850","0.850","0.850","0.00%"
"08/29/2021","0.851","0.851","0.851","0.851","0.00%"
"08/27/2021","0.850","0.876","0.888","0.846","-2.97%"
"08/26/2021","0.876","0.866","0.901","0.840","1.04%"
"08/25/2021","0.867","0.811","0.874","0.809","6.56%"
"08/24/2021","0.814","0.804","0.827","0.792","1.23%"
"08/23/2021","0.804","0.797","0.829","0.795","1.26%"
"08/20/2021","0.794","0.795","0.820","0.780","-0.79%"
"08/19/2021","0.800","0.834","0.834","0.781","-3.72%"
"08/18/2021","0.831","0.815","0.833","0.795","1.47%"
"08/17/2021","0.819","0.829","0.836","0.781","-1.15%"
"08/16/2021","0.829","0.818","0.850","0.796","0.17%"
"08/13/2021","0.827","0.854","0.862","0.815","-3.71%"
"08/12/2021","0.859","0.819","0.870","0.815","3.86%"
"08/11/2021","0.827","0.840","0.868","0.821","-1.48%"
"08/10/2021","0.840","0.844","0.856","0.813","0.12%"
"08/09/2021","0.839","0.857","0.869","0.816","-2.80%"
"08/06/2021","0.863","0.772","0.874","0.772","11.04%"
"08/05/2021","0.777","0.799","0.813","0.752","-1.48%"
"08/04/2021","0.789","0.789","0.802","0.746","0.38%"
"08/03/2021","0.786","0.805","0.809","0.765","0.64%"
"08/02/2021","0.781","0.828","0.840","0.778","-5.44%"
"08/01/2021","0.826","0.826","0.826","0.826","0.00%"
"07/30/2021","0.826","0.840","0.847","0.822","-1.56%"
"07/29/2021","0.839","0.854","0.878","0.835","-1.41%"
"07/28/2021","0.851","0.810","0.862","0.810","3.15%"
"07/27/2021","0.825","0.831","0.845","0.813","-1.43%"
"07/26/2021","0.837","0.838","0.859","0.797","-0.95%"
"07/23/2021","0.845","0.820","0.872","0.820","1.87%"
"07/22/2021","0.829","0.867","0.900","0.824","-4.43%"
"07/21/2021","0.868","0.817","0.874","0.798","6.36%"
"07/20/2021","0.816","0.818","0.832","0.759","0.43%"
"07/19/2021","0.812","0.876","0.882","0.773","-7.61%"
"07/16/2021","0.879","0.901","0.941","0.869","-3.40%"
"07/15/2021","0.910","0.907","0.927","0.849","2.25%"
"07/14/2021","0.890","0.906","0.940","0.879","-0.34%"
"07/13/2021","0.893","0.909","0.921","0.872","-1.11%"
"07/12/2021","0.903","0.907","0.913","0.874","-0.66%"
"07/09/2021","0.909","0.883","0.915","0.849","4.95%"
"07/08/2021","0.866","0.868","0.877","0.800","0.93%"
"07/07/2021","0.858","0.888","0.893","0.828","-2.72%"
"07/06/2021","0.882","0.963","0.979","0.871","-8.31%"
"07/05/2021","0.962","0.952","0.975","0.950","0.94%"
"07/02/2021","0.953","0.982","0.982","0.937","-2.74%"
"07/01/2021","0.980","0.959","0.997","0.956","2.08%"
"06/30/2021","0.960","0.981","0.984","0.951","-1.74%"
"06/29/2021","0.977","0.961","0.996","0.961","0.93%"
"06/28/2021","0.968","1.028","1.028","0.961","-5.36%"
"06/25/2021","1.023","0.984","1.028","0.978","3.70%"
"06/24/2021","0.986","1.015","1.031","0.980","-3.12%"
"06/23/2021","1.018","1.017","1.042","0.998","0.06%"
"06/22/2021","1.017","0.998","1.031","0.986","1.12%"
"06/21/2021","1.006","0.985","1.025","0.946","3.18%"
"06/18/2021","0.975","1.027","1.030","0.974","-3.22%"
"06/17/2021","1.007","0.990","1.069","0.982","2.25%"
"06/16/2021","0.985","1.003","1.022","0.980","-1.39%"
"06/15/2021","0.999","0.976","1.007","0.971","1.21%"
"06/14/2021","0.987","0.954","0.987","0.939","3.79%"
"06/11/2021","0.951","0.995","0.995","0.938","-3.16%"
"06/10/2021","0.982","0.979","1.029","0.958","0.10%"
"06/09/2021","0.981","1.019","1.020","0.956","-3.44%"
"06/08/2021","1.016","1.044","1.047","1.008","-2.87%"
"06/07/2021","1.046","1.033","1.056","1.031","1.36%"
"06/04/2021","1.032","1.063","1.075","1.028","-4.00%"
"06/03/2021","1.075","1.032","1.076","1.032","4.27%"
"06/02/2021","1.031","1.060","1.060","1.027","-2.00%"
"06/01/2021","1.052","1.035","1.065","1.030","2.62%"
"05/31/2021","1.025","1.025","1.025","1.025","0.00%"
"05/28/2021","1.025","1.059","1.067","1.014","-2.01%"
"05/27/2021","1.046","0.997","1.063","0.988","6.65%"
"05/26/2021","0.981","1.028","1.028","0.980","-4.86%"
"05/25/2021","1.031","1.050","1.053","1.020","-1.53%"
"05/24/2021","1.047","1.070","1.071","1.046","-1.94%"
"05/21/2021","1.068","1.071","1.090","1.051","0.00%"
"05/20/2021","1.068","1.066","1.100","1.064","-0.37%"
"05/19/2021","1.072","1.085","1.119","1.061","-1.29%"
"05/18/2021","1.086","1.089","1.108","1.065","0.28%"
"05/17/2021","1.083","1.090","1.102","1.057","0.65%"
"05/14/2021","1.076","1.124","1.124","1.063","-3.76%"
"05/13/2021","1.118","1.113","1.148","1.103","0.09%"
"05/12/2021","1.117","1.059","1.119","1.035","5.58%"
"05/11/2021","1.058","1.009","1.066","1.009","4.49%"
"05/10/2021","1.012","0.991","1.042","0.991","1.33%"
"05/07/2021","0.999","1.015","1.033","0.961","-2.17%"
"05/06/2021","1.021","1.042","1.060","0.999","-2.21%"
"05/05/2021","1.044","1.024","1.063","1.024","1.86%"
"05/04/2021","1.025","1.067","1.081","1.016","-4.30%"
"05/03/2021","1.071","1.071","1.071","1.071","0.00%"
"04/30/2021","1.071","1.067","1.073","1.046","1.13%"
"04/29/2021","1.059","1.026","1.087","1.026","3.01%"
"04/28/2021","1.028","1.004","1.072","1.004","1.68%"
"04/27/2021","1.011","0.991","1.012","0.980","1.93%"
"04/26/2021","0.992","0.982","1.012","0.976","1.95%"
"04/23/2021","0.973","0.944","0.989","0.944","0.41%"
"04/22/2021","0.969","0.953","0.980","0.944","0.52%"
"04/21/2021","0.964","0.963","0.977","0.941","1.37%"
"04/20/2021","0.951","0.975","1.001","0.944","-2.56%"
"04/19/2021","0.976","0.978","1.004","0.966","-1.11%"
"04/16/2021","0.987","0.992","1.002","0.976","2.49%"
"04/15/2021","0.963","1.039","1.040","0.960","-7.41%"
"04/14/2021","1.040","1.005","1.044","1.001","2.56%"
"04/13/2021","1.014","1.030","1.048","1.013","-1.36%"
"04/12/2021","1.028","1.008","1.035","0.991","0.98%"
"04/09/2021","1.018","0.986","1.036","0.986","3.78%"
"04/08/2021","0.981","1.014","1.019","0.976","-1.49%"
"04/07/2021","0.996","1.023","1.023","0.982","-2.85%"
"04/06/2021","1.025","1.041","1.060","1.016","0.58%"
"04/05/2021","1.019","1.019","1.019","1.019","0.00%"
"04/02/2021","1.019","1.019","1.019","1.019","0.00%"
"04/01/2021","1.019","1.072","1.072","1.013","-3.87%"
"03/31/2021","1.060","1.050","1.062","1.026","2.23%"
"03/30/2021","1.037","0.995","1.060","0.995","4.14%"
"03/29/2021","0.996","0.968","1.012","0.962","1.10%"
"03/26/2021","0.985","0.962","1.009","0.962","2.18%"
"03/25/2021","0.964","0.979","0.979","0.940","-1.93%"
"03/24/2021","0.983","1.001","1.001","0.950","-0.49%"
"03/23/2021","0.988","1.042","1.042","0.984","-5.03%"
"03/22/2021","1.040","1.029","1.060","1.023","-2.06%"
"03/19/2021","1.062","1.079","1.079","1.014","-1.31%"
"03/18/2021","1.076","1.035","1.112","1.035","4.52%"
"03/17/2021","1.030","0.988","1.047","0.980","5.53%"
"03/16/2021","0.976","0.983","1.002","0.962","-1.95%"
"03/15/2021","0.995","1.023","1.055","0.980","-2.84%"
"03/12/2021","1.024","0.996","1.033","0.979","9.06%"
"03/11/2021","0.939","0.899","0.954","0.889","1.73%"
"03/10/2021","0.923","0.935","0.950","0.917","-1.46%"
"03/09/2021","0.937","0.966","0.966","0.913","-3.50%"
"03/08/2021","0.971","0.983","0.996","0.952","0.52%"
"03/05/2021","0.966","0.934","1.010","0.934","2.55%"
"03/04/2021","0.942","0.971","0.972","0.913","-3.88%"
"03/03/2021","0.980","0.912","0.991","0.895","9.38%"
"03/02/2021","0.896","0.954","0.986","0.880","-5.19%"
"03/01/2021","0.945","0.947","0.987","0.932","-4.36%"
"02/26/2021","0.988","0.961","1.018","0.921","3.33%"
"02/25/2021","0.956","0.976","1.014","0.954","2.68%"
"02/24/2021","0.931","0.923","1.009","0.905","1.53%"
"02/23/2021","0.917","0.881","0.959","0.881","3.97%"
"02/22/2021","0.882","0.890","0.940","0.843","-1.54%"
"02/19/2021","0.896","0.858","0.907","0.832","8.19%"
"02/18/2021","0.828","0.780","0.853","0.776","6.96%"
"02/17/2021","0.774","0.822","0.846","0.771","-6.28%"
"02/16/2021","0.826","0.763","0.832","0.761","6.43%"
"02/15/2021","0.776","0.722","0.796","0.722","6.44%"
"02/12/2021","0.729","0.682","0.742","0.666","7.53%"
"02/11/2021","0.678","0.684","0.684","0.659","-2.30%"
"02/10/2021","0.694","0.669","0.700","0.669","2.81%"
"02/09/2021","0.675","0.685","0.699","0.666","-1.89%"
"02/08/2021","0.688","0.735","0.744","0.680","-2.13%"
"02/05/2021","0.703","0.643","0.722","0.643","7.49%"
"02/04/2021","0.654","0.581","0.672","0.574","13.20%"
"02/03/2021","0.578","0.580","0.583","0.565","3.77%"
"02/02/2021","0.557","0.553","0.573","0.551","4.50%"
"02/01/2021","0.533","0.535","0.561","0.530","-1.66%"
"01/29/2021","0.542","0.490","0.554","0.490","7.97%"
"01/28/2021","0.502","0.482","0.505","0.459","3.51%"
"01/27/2021","0.485","0.480","0.500","0.458","1.89%"
"01/26/2021","0.476","0.467","0.496","0.467","0.63%"
"01/25/2021","0.473","0.514","0.516","0.469","-7.26%"
"01/22/2021","0.510","0.521","0.538","0.508","-4.85%"
"01/21/2021","0.536","0.488","0.547","0.485","6.35%"
"01/20/2021","0.504","0.487","0.508","0.481","2.02%"
"01/19/2021","0.494","0.494","0.511","0.480","0.41%"
"01/18/2021","0.492","0.490","0.504","0.479","1.03%"
"01/15/2021","0.487","0.493","0.509","0.480","-0.61%"
"01/14/2021","0.490","0.505","0.517","0.477","-1.63%"
"01/13/2021","0.498","0.546","0.546","0.494","-7.59%"
"01/12/2021","0.539","0.517","0.552","0.508","8.02%"
"01/11/2021","0.499","0.482","0.509","0.463","3.96%"
"01/08/2021","0.480","0.478","0.487","0.466","1.50%"
"01/07/2021","0.473","0.430","0.487","0.430","9.80%"
"01/06/2021","0.431","0.406","0.454","0.396","6.03%"
"01/05/2021","0.406","0.383","0.413","0.374","9.64%"
"01/04/2021","0.370","0.385","0.414","0.361","-6.01%"
"01/01/2021","0.394","0.394","0.394","0.394","0.00%"
"12/31/2020","0.394","0.401","0.411","0.384","-3.36%"
"12/30/2020","0.408","0.426","0.447","0.397","-2.28%"
"12/29/2020","0.417","0.449","0.449","0.408","-7.43%"
"12/28/2020","0.451","0.451","0.451","0.451","0.00%"
"12/25/2020","0.451","0.451","0.451","0.451","0.00%"
"12/24/2020","0.451","0.482","0.482","0.444","-4.39%"
"12/23/2020","0.472","0.398","0.510","0.380","20.87%"
"12/22/2020","0.390","0.416","0.435","0.380","-5.04%"
"12/21/2020","0.411","0.436","0.436","0.361","-7.08%"
"12/18/2020","0.442","0.454","0.466","0.424","-6.37%"
"12/17/2020","0.472","0.459","0.474","0.432","4.22%"
"12/16/2020","0.453","0.450","0.490","0.442","1.14%"
"12/15/2020","0.448","0.403","0.462","0.391","9.48%"
"12/14/2020","0.409","0.363","0.438","0.359","13.45%"
"12/12/2020","0.361","0.361","0.361","0.361","0.00%"
"12/11/2020","0.361","0.376","0.382","0.343","-6.51%"
"12/10/2020","0.386","0.437","0.437","0.374","-12.10%"
"12/09/2020","0.439","0.438","0.465","0.435","1.15%"
"12/08/2020","0.434","0.457","0.476","0.430","-5.86%"
"12/07/2020","0.461","0.466","0.484","0.452","-10.49%"
"12/04/2020","0.515","0.502","0.525","0.480","6.83%"
"12/03/2020","0.482","0.523","0.523","0.481","-7.29%"
"12/02/2020","0.520","0.513","0.534","0.492","1.17%"
"12/01/2020","0.514","0.474","0.532","0.465","8.67%"
"11/30/2020","0.473","0.471","0.481","0.440","3.50%"
"11/27/2020","0.457","0.465","0.488","0.457","-0.22%"
"11/26/2020","0.458","0.485","0.490","0.455","-5.96%"
"11/25/2020","0.487","0.488","0.499","0.474","-3.18%"
"11/24/2020","0.503","0.509","0.511","0.479","1.62%"
"11/23/2020","0.495","0.476","0.509","0.476","5.54%"
"11/20/2020","0.469","0.493","0.495","0.469","-3.89%"
"11/19/2020","0.488","0.492","0.506","0.478","-3.56%"
"11/18/2020","0.506","0.476","0.508","0.473","2.43%"
"11/17/2020","0.494","0.512","0.520","0.480","-3.70%"
"11/16/2020","0.513","0.499","0.545","0.480","3.01%"
"11/13/2020","0.498","0.493","0.513","0.481","-2.35%"
"11/12/2020","0.510","0.572","0.572","0.508","-10.68%"
"11/11/2020","0.571","0.564","0.598","0.556","1.78%"
"11/10/2020","0.561","0.537","0.575","0.537","3.89%"
"11/09/2020","0.540","0.454","0.568","0.416","19.74%"
"11/06/2020","0.451","0.418","0.462","0.389","7.25%"
"11/05/2020","0.420","0.389","0.422","0.363","4.63%"
"11/04/2020","0.402","0.461","0.465","0.386","-13.20%"
"11/03/2020","0.463","0.403","0.464","0.403","14.49%"
"11/02/2020","0.404","0.433","0.438","0.392","-6.89%"
"11/01/2020","0.434","0.434","0.434","0.434","0.00%"
"10/30/2020","0.434","0.408","0.447","0.403","6.19%"
"10/29/2020","0.409","0.395","0.409","0.373","5.25%"
"10/28/2020","0.389","0.385","0.401","0.380","-4.64%"
"10/27/2020","0.407","0.460","0.462","0.396","-10.24%"
"10/26/2020","0.454","0.437","0.464","0.426","0.22%"
"10/23/2020","0.453","0.452","0.481","0.452","-0.22%"
"10/22/2020","0.454","0.424","0.461","0.420","7.53%"
"10/21/2020","0.422","0.372","0.424","0.372","14.55%"
"10/20/2020","0.368","0.356","0.375","0.348","4.90%"
"10/19/2020","0.351","0.357","0.383","0.348","-2.77%"
"10/16/2020","0.361","0.353","0.363","0.331","2.06%"
"10/15/2020","0.354","0.392","0.392","0.336","-8.60%"
"10/14/2020","0.387","0.380","0.398","0.378","-0.69%"
"10/13/2020","0.390","0.419","0.430","0.390","-9.37%"
"10/12/2020","0.430","0.421","0.438","0.421","-1.60%"
"10/09/2020","0.437","0.440","0.440","0.409","0.46%"
"10/08/2020","0.435","0.452","0.452","0.433","-3.12%"
"10/07/2020","0.449","0.436","0.457","0.412","2.74%"
"10/06/2020","0.437","0.432","0.447","0.424","-0.68%"
"10/05/2020","0.440","0.386","0.443","0.386","8.29%"
"10/02/2020","0.407","0.389","0.411","0.373","1.47%"
"10/01/2020","0.401","0.380","0.442","0.380","1.08%"
"09/30/2020","0.396","0.350","0.398","0.349","12.81%"
"09/29/2020","0.351","0.368","0.368","0.347","-4.38%"
"09/28/2020","0.368","0.363","0.383","0.348","3.43%"
"09/25/2020","0.355","0.375","0.385","0.348","-5.58%"
"09/24/2020","0.376","0.391","0.391","0.368","-2.34%"
"09/23/2020","0.385","0.364","0.392","0.343","5.04%"
"09/22/2020","0.367","0.335","0.379","0.322","9.66%"
"09/21/2020","0.335","0.351","0.356","0.312","-3.41%"
"09/18/2020","0.346","0.340","0.360","0.325","2.12%"
"09/17/2020","0.339","0.373","0.399","0.324","-10.43%"
"09/16/2020","0.379","0.387","0.387","0.364","-0.45%"
"09/15/2020","0.380","0.369","0.394","0.365","2.92%"
"09/14/2020","0.370","0.364","0.378","0.340","1.04%"
"09/11/2020","0.366","0.370","0.402","0.359","-9.03%"
"09/10/2020","0.402","0.413","0.433","0.392","-2.66%"
"09/09/2020","0.413","0.355","0.421","0.348","11.50%"
"09/08/2020","0.370","0.408","0.416","0.352","-10.29%"
"09/07/2020","0.413","0.424","0.443","0.395","-1.99%"
"09/04/2020","0.421","0.390","0.424","0.386","8.30%"
"09/03/2020","0.389","0.393","0.405","0.377","-0.59%"
"09/02/2020","0.391","0.420","0.427","0.380","-10.31%"
"09/01/2020","0.436","0.454","0.488","0.435","-4.17%"
"08/31/2020","0.455","0.455","0.455","0.455","0.00%"
"08/28/2020","0.455","0.502","0.508","0.453","-3.78%"
"08/27/2020","0.473","0.435","0.482","0.410","4.85%"
"08/26/2020","0.451","0.434","0.461","0.420","9.73%"
"08/25/2020","0.411","0.377","0.430","0.374","12.04%"
"08/24/2020","0.367","0.369","0.371","0.350","1.89%"
"08/21/2020","0.360","0.380","0.389","0.353","-5.80%"
"08/20/2020","0.382","0.384","0.399","0.367","-2.45%"
"08/19/2020","0.392","0.380","0.397","0.356","3.10%"
"08/18/2020","0.380","0.385","0.399","0.367","-0.31%"
"08/17/2020","0.382","0.410","0.410","0.379","-6.10%"
"08/14/2020","0.406","0.412","0.423","0.398","0.25%"
"08/13/2020","0.405","0.383","0.425","0.380","0.25%"
"08/12/2020","0.404","0.392","0.412","0.381","7.70%"
"08/11/2020","0.375","0.312","0.384","0.312","20.63%"
"08/10/2020","0.311","0.340","0.347","0.289","-4.13%"
"08/07/2020","0.325","0.294","0.326","0.281","11.70%"
"08/06/2020","0.291","0.309","0.325","0.275","-7.69%"
"08/05/2020","0.315","0.272","0.317","0.269","17.95%"
"08/04/2020","0.267","0.294","0.298","0.256","-8.72%"
"08/03/2020","0.292","0.282","0.303","0.280","-1.78%"
"07/31/2020","0.298","0.279","0.299","0.262","5.12%"
"07/30/2020","0.283","0.286","0.298","0.270","-8.73%"
"07/29/2020","0.310","0.296","0.314","0.283","3.16%"
"07/28/2020","0.301","0.293","0.317","0.284","-0.46%"
"07/27/2020","0.302","0.324","0.326","0.290","-8.03%"
"07/24/2020","0.329","0.298","0.339","0.289","5.42%"
"07/23/2020","0.312","0.300","0.312","0.288","3.14%"
"07/22/2020","0.302","0.325","0.327","0.293","-5.24%"
"07/21/2020","0.319","0.334","0.343","0.319","-3.13%"
"07/20/2020","0.329","0.335","0.352","0.319","-3.01%"
"07/17/2020","0.339","0.323","0.343","0.318","5.47%"
"07/16/2020","0.322","0.342","0.342","0.311","-7.29%"
"07/15/2020","0.347","0.338","0.373","0.336","1.97%"
"07/14/2020","0.340","0.355","0.355","0.327","-7.93%"
"07/13/2020","0.370","0.339","0.381","0.339","6.88%"
"07/10/2020","0.346","0.339","0.348","0.324","-2.84%"
"07/09/2020","0.356","0.377","0.378","0.346","-5.57%"
"07/08/2020","0.377","0.355","0.380","0.349","1.86%"
"07/07/2020","0.370","0.392","0.399","0.370","-5.90%"
"07/06/2020","0.393","0.404","0.408","0.389","3.26%"
"07/03/2020","0.381","0.377","0.395","0.368","0.32%"
"07/02/2020","0.380","0.383","0.402","0.375","-1.71%"
"07/01/2020","0.386","0.352","0.400","0.352","5.49%"
"06/30/2020","0.366","0.338","0.370","0.329","5.62%"
"06/29/2020","0.347","0.372","0.380","0.336","-3.29%"
"06/26/2020","0.359","0.350","0.374","0.349","1.39%"
"06/25/2020","0.354","0.370","0.392","0.327","-8.77%"
"06/24/2020","0.388","0.374","0.428","0.363","-0.84%"
"06/23/2020","0.391","0.352","0.400","0.347","3.99%"
"06/22/2020","0.376","0.379","0.413","0.351","-5.48%"
"06/19/2020","0.398","0.398","0.398","0.398","0.96%"
"06/18/2020","0.394","0.394","0.394","0.394","2.93%"
"06/17/2020","0.383","0.383","0.383","0.383","-4.33%"
"06/16/2020","0.400","0.400","0.400","0.400","-1.53%"
"06/15/2020","0.406","0.406","0.406","0.406","1.42%"
"06/12/2020","0.400","0.400","0.400","0.400","1.42%"
"06/11/2020","0.395","0.395","0.395","0.395","-11.91%"
"06/10/2020","0.448","0.448","0.448","0.448","-14.20%"
"06/09/2020","0.522","0.522","0.522","0.522","1.95%"
"06/08/2020","0.512","0.512","0.512","0.512","-2.18%"
"06/05/2020","0.524","0.524","0.524","0.524","6.14%"
"06/04/2020","0.494","0.494","0.494","0.494","8.13%"
"06/03/2020","0.456","0.456","0.456","0.456","8.33%"
"06/02/2020","0.421","0.421","0.421","0.421","-0.78%"
"06/01/2020","0.425","0.425","0.425","0.425","7.52%"
"05/29/2020","0.395","0.395","0.395","0.395","-4.77%"
"05/28/2020","0.415","0.415","0.415","0.415","3.06%"
"05/27/2020","0.403","0.403","0.403","0.403","-5.38%"
"05/26/2020","0.425","0.425","0.425","0.425","9.36%"
"05/25/2020","0.389","0.389","0.389","0.389","0.41%"
"05/22/2020","0.387","0.387","0.387","0.387","-0.39%"
"05/21/2020","0.389","0.389","0.389","0.389","-12.13%"
"05/20/2020","0.443","0.443","0.443","0.443","-4.26%"
"05/19/2020","0.462","0.462","0.462","0.462","0.00%"
"05/18/2020","0.463","0.463","0.463","0.463","0.76%"
"05/15/2020","0.459","0.459","0.459","0.459","4.77%"
"05/14/2020","0.438","0.438","0.438","0.438","0.80%"
"05/13/2020","0.435","0.435","0.435","0.435","-7.66%"
"05/12/2020","0.471","0.471","0.471","0.471","-7.41%"
"05/11/2020","0.509","0.509","0.509","0.509","10.68%"
"05/08/2020","0.460","0.460","0.460","0.460","0.00%"
"05/07/2020","0.460","0.460","0.460","0.460","-4.57%"
"05/06/2020","0.482","0.482","0.482","0.482","5.27%"
"05/05/2020","0.458","0.458","0.458","0.458","-3.07%"
"05/04/2020","0.472","0.472","0.472","0.472","-3.32%"
"05/01/2020","0.488","0.488","0.488","0.488","3.50%"
"04/30/2020","0.472","0.472","0.472","0.472","-8.07%"
"04/29/2020","0.513","0.513","0.513","0.513","-1.67%"
"04/28/2020","0.522","0.522","0.522","0.522","-2.01%"
"04/27/2020","0.533","0.533","0.533","0.533","3.58%"
"04/24/2020","0.514","0.514","0.514","0.514","-1.98%"
"04/23/2020","0.525","0.525","0.525","0.525","-5.03%"
"04/22/2020","0.552","0.552","0.552","0.552","5.54%"
"04/21/2020","0.523","0.523","0.523","0.523","-5.64%"
"04/20/2020","0.555","0.555","0.555","0.555","-0.47%"
"04/17/2020","0.557","0.557","0.557","0.557","1.38%"
"04/16/2020","0.550","0.550","0.550","0.550","-2.22%"
"04/15/2020","0.562","0.562","0.562","0.562","-6.08%"
"04/14/2020","0.599","0.599","0.599","0.599","10.22%"
"04/13/2020","0.543","0.543","0.543","0.543","-3.57%"
"04/10/2020","0.563","0.563","0.563","0.563","0.00%"
"04/09/2020","0.563","0.563","0.563","0.563","-11.88%"
"04/08/2020","0.639","0.639","0.639","0.639","-4.46%"
"04/07/2020","0.669","0.669","0.669","0.669","14.23%"
"04/06/2020","0.586","0.586","0.586","0.586","4.78%"
"04/03/2020","0.559","0.559","0.559","0.559","-2.19%"
"04/02/2020","0.571","0.571","0.571","0.571","1.13%"
"04/01/2020","0.565","0.565","0.565","0.565","-3.24%"
"03/31/2020","0.584","0.584","0.584","0.584","3.00%"
"03/30/2020","0.567","0.567","0.567","0.567","-3.39%"
"03/27/2020","0.587","0.587","0.587","0.587","-0.79%"
"03/26/2020","0.591","0.591","0.591","0.591","0.00%"
"03/25/2020","0.592","0.592","0.592","0.592","-4.61%"
"03/24/2020","0.621","0.621","0.621","0.621","8.63%"
"03/23/2020","0.571","0.571","0.571","0.571","-20.86%"
"03/20/2020","0.722","0.722","0.722","0.722","-12.56%"
"03/19/2020","0.826","0.826","0.826","0.826","-11.56%"
"03/18/2020","0.933","0.933","0.933","0.933","20.80%"
"03/17/2020","0.773","0.773","0.773","0.773","14.32%"
"03/16/2020","0.676","0.676","0.676","0.676","-2.90%"
"03/13/2020","0.696","0.696","0.696","0.696","20.72%"
"03/12/2020","0.577","0.577","0.577","0.577","8.00%"
"03/11/2020","0.534","0.534","0.534","0.534","1.75%"
"03/10/2020","0.525","0.525","0.525","0.525","17.17%"
"03/09/2020","0.448","0.448","0.448","0.448","-7.25%"
"03/06/2020","0.483","0.483","0.483","0.483","-11.93%"
"03/05/2020","0.548","0.548","0.548","0.548","-5.87%"
"03/04/2020","0.582","0.582","0.582","0.582","-0.24%"
"03/03/2020","0.584","0.584","0.584","0.584","-3.12%"
"03/02/2020","0.603","0.603","0.603","0.603","-4.03%"
"02/28/2020","0.628","0.628","0.628","0.628","-5.39%"
"02/27/2020","0.664","0.664","0.664","0.664","0.26%"
"02/26/2020","0.662","0.662","0.662","0.662","-1.02%"
"02/25/2020","0.669","0.669","0.669","0.669","-1.72%"
"02/24/2020","0.680","0.680","0.680","0.680","-7.50%"
"02/21/2020","0.736","0.736","0.736","0.736","-1.83%"
"02/20/2020","0.749","0.749","0.749","0.749","-2.47%"
"02/19/2020","0.768","0.768","0.768","0.768","-1.36%"
"02/18/2020","0.779","0.779","0.779","0.779","-3.40%"
"02/17/2020","0.806","0.806","0.806","0.806","1.09%"
"02/14/2020","0.798","0.798","0.798","0.798","-1.99%"
"02/13/2020","0.814","0.814","0.814","0.814","2.99%"
"02/12/2020","0.790","0.790","0.790","0.790","3.46%"
"02/11/2020","0.764","0.764","0.764","0.764","1.43%"
"02/10/2020","0.753","0.753","0.753","0.753","-3.82%"
"02/07/2020","0.783","0.783","0.783","0.783","-1.00%"
"02/06/2020","0.791","0.791","0.791","0.791","-2.30%"
"02/05/2020","0.809","0.809","0.809","0.809","4.61%"
"02/04/2020","0.774","0.774","0.774","0.774","7.47%"
"02/03/2020","0.720","0.720","0.720","0.720","-0.50%"
"01/31/2020","0.724","0.724","0.724","0.724","-0.71%"
"01/30/2020","0.729","0.729","0.729","0.729","1.19%"
"01/29/2020","0.720","0.720","0.720","0.720","-2.86%"
"01/28/2020","0.741","0.741","0.741","0.741","5.24%"
"01/27/2020","0.705","0.705","0.705","0.705","-6.24%"
"01/24/2020","0.751","0.751","0.751","0.751","-3.28%"
"01/23/2020","0.777","0.777","0.777","0.777","-5.35%"
"01/22/2020","0.821","0.821","0.821","0.821","-0.48%"
"01/21/2020","0.825","0.825","0.825","0.825","-2.83%"
"01/20/2020","0.849","0.849","0.849","0.849","2.41%"
"01/17/2020","0.829","0.829","0.829","0.829","-0.84%"
"01/16/2020","0.836","0.836","0.836","0.836","-1.65%"
"01/15/2020","0.850","0.850","0.850","0.850","-6.41%"
"01/14/2020","0.908","0.908","0.908","0.908","-1.04%"
"01/13/2020","0.918","0.918","0.918","0.918","-2.32%"
"01/10/2020","0.939","0.939","0.939","0.939","-4.40%"
"01/09/2020","0.983","0.983","0.983","0.983","-0.20%"
"01/08/2020","0.984","0.984","0.984","0.984","2.99%"
"01/07/2020","0.956","0.956","0.956","0.956","-0.08%"
"01/06/2020","0.957","0.957","0.957","0.957","3.15%"
"01/03/2020","0.928","0.928","0.928","0.928","-6.08%"
"01/02/2020","0.988","0.988","0.988","0.988","-2.79%"
"01/01/2020","1.016","1.016","1.016","1.016","0.60%"
"12/31/2019","1.010","1.010","1.010","1.010","-4.36%"
"12/30/2019","1.056","1.056","1.056","1.056","11.36%"
"12/27/2019","0.948","0.948","0.948","0.948","-2.15%"
"12/26/2019","0.969","0.969","0.969","0.969","0.00%"
"12/25/2019","0.969","0.969","0.969","0.969","0.47%"
"12/24/2019","0.964","0.964","0.964","0.964","-0.90%"
"12/23/2019","0.973","0.973","0.973","0.973","1.20%"
"12/20/2019","0.962","0.962","0.962","0.962","-0.77%"
"12/19/2019","0.969","0.969","0.969","0.969","0.96%"
"12/18/2019","0.960","0.960","0.960","0.960","1.06%"
"12/17/2019","0.950","0.950","0.950","0.950","-5.80%"
"12/16/2019","1.008","1.008","1.008","1.008","4.57%"
"12/13/2019","0.964","0.964","0.964","0.964","-4.19%"
"12/12/2019","1.006","1.006","1.006","1.006","4.66%"
"12/11/2019","0.962","0.962","0.962","0.962","-3.10%"
"12/10/2019","0.992","0.992","0.992","0.992","2.99%"
"12/09/2019","0.964","0.964","0.964","0.964","-1.35%"
"12/06/2019","0.977","0.977","0.977","0.977","0.00%"
"12/05/2019","0.977","0.977","0.977","0.977","3.36%"
"12/04/2019","0.946","0.946","0.946","0.946","8.23%"
"12/03/2019","0.874","0.874","0.874","0.874","-7.43%"
"12/02/2019","0.944","0.944","0.944","0.944","4.05%"
"11/29/2019","0.907","0.907","0.907","0.907","2.78%"
"11/28/2019","0.882","0.882","0.882","0.882","0.40%"
"11/27/2019","0.879","0.879","0.879","0.879","2.60%"
"11/26/2019","0.857","0.857","0.857","0.857","-2.79%"
"11/25/2019","0.881","0.881","0.881","0.881","0.00%"
"11/22/2019","0.882","0.882","0.882","0.882","-5.86%"
"11/21/2019","0.937","0.937","0.937","0.937","2.51%"
"11/20/2019","0.914","0.914","0.914","0.914","0.20%"
"11/19/2019","0.912","0.912","0.912","0.912","-1.47%"
"11/18/2019","0.925","0.925","0.925","0.925","1.13%"
"11/15/2019","0.915","0.915","0.915","0.915","3.04%"
"11/14/2019","0.888","0.888","0.888","0.888","-5.19%"
"11/13/2019","0.937","0.937","0.937","0.937","-3.78%"
"11/12/2019","0.974","0.974","0.974","0.974","-0.42%"
"11/11/2019","0.978","0.978","0.978","0.978","0.71%"
"11/08/2019","0.971","0.971","0.971","0.971","-1.36%"
"11/07/2019","0.984","0.984","0.984","0.984","10.00%"
"11/06/2019","0.895","0.895","0.895","0.895","-6.54%"
"11/05/2019","0.957","0.957","0.957","0.957","7.49%"
"11/04/2019","0.891","0.891","0.891","0.891","5.77%"
"11/01/2019","0.842","0.842","0.842","0.842","3.76%"
"10/31/2019","0.811","0.811","0.811","0.811","-7.54%"
"10/30/2019","0.878","0.878","0.878","0.878","-3.33%"
"10/29/2019","0.908","0.908","0.908","0.908","-1.90%"
"10/28/2019","0.925","0.925","0.925","0.925","6.17%"
"10/25/2019","0.872","0.872","0.872","0.872","6.09%"
"10/24/2019","0.822","0.822","0.822","0.822","-6.19%"
"10/23/2019","0.876","0.876","0.876","0.876","-3.32%"
"10/22/2019","0.906","0.906","0.906","0.906","-2.70%"
"10/21/2019","0.931","0.931","0.931","0.931","5.66%"
"10/18/2019","0.881","0.881","0.881","0.881","1.22%"
"10/17/2019","0.871","0.871","0.871","0.871","-1.43%"
"10/16/2019","0.883","0.883","0.883","0.883","2.87%"
"10/15/2019","0.859","0.859","0.859","0.859","8.07%"
"10/14/2019","0.794","0.794","0.794","0.794","-7.95%"
"10/11/2019","0.863","0.863","0.863","0.863","14.09%"
"10/10/2019","0.756","0.756","0.756","0.756","20.52%"
"10/09/2019","0.628","0.628","0.628","0.628","5.23%"
"10/08/2019","0.596","0.596","0.596","0.596","-3.10%"
"10/07/2019","0.615","0.615","0.615","0.615","1.22%"
"10/04/2019","0.608","0.608","0.608","0.608","-3.38%"
"10/03/2019","0.629","0.629","0.629","0.629","-3.18%"
"10/02/2019","0.650","0.650","0.650","0.650","1.55%"
"10/01/2019","0.640","0.640","0.640","0.640","0.55%"
"09/30/2019","0.637","0.637","0.637","0.637","-0.90%"
"09/27/2019","0.642","0.642","0.642","0.642","-2.92%"
"09/26/2019","0.662","0.662","0.662","0.662","-3.58%"
"09/25/2019","0.686","0.686","0.686","0.686","2.01%"
"09/24/2019","0.673","0.673","0.673","0.673","-3.84%"
"09/23/2019","0.700","0.700","0.700","0.700","-8.93%"
"09/20/2019","0.768","0.768","0.768","0.768","0.22%"
"09/19/2019","0.767","0.767","0.767","0.767","0.00%"
"09/18/2019","0.766","0.766","0.766","0.766","-7.85%"
"09/17/2019","0.832","0.832","0.832","0.832","0.18%"
"09/16/2019","0.830","0.830","0.830","0.830","-6.49%"
"09/13/2019","0.888","0.888","0.888","0.888","11.14%"
"09/12/2019","0.799","0.799","0.799","0.799","3.36%"
"09/11/2019","0.773","0.773","0.773","0.773","0.78%"
"09/10/2019","0.767","0.767","0.767","0.767","6.71%"
"09/09/2019","0.719","0.719","0.719","0.719","12.44%"
"09/06/2019","0.639","0.639","0.639","0.639","-10.95%"
"09/05/2019","0.718","0.718","0.718","0.718","16.14%"
"09/04/2019","0.618","0.618","0.618","0.618","14.77%"
"09/03/2019","0.538","0.538","0.538","0.538","-2.09%"
"09/02/2019","0.550","0.550","0.550","0.550","-11.02%"
"08/30/2019","0.618","0.618","0.618","0.618","6.06%"
"08/29/2019","0.583","0.583","0.583","0.583","1.60%"
"08/28/2019","0.573","0.573","0.573","0.573","-8.58%"
"08/27/2019","0.627","0.627","0.627","0.627","-7.75%"
"08/26/2019","0.680","0.680","0.680","0.680","0.34%"
"08/23/2019","0.678","0.678","0.678","0.678","-4.40%"
"08/22/2019","0.709","0.709","0.709","0.709","7.97%"
"08/21/2019","0.657","0.657","0.657","0.657","3.34%"
"08/20/2019","0.635","0.635","0.635","0.635","-1.87%"
"08/19/2019","0.647","0.647","0.647","0.647","4.02%"
"08/16/2019","0.623","0.623","0.623","0.623","6.90%"
"08/15/2019","0.582","0.582","0.582","0.582","-9.76%"
"08/14/2019","0.645","0.645","0.645","0.645","-7.39%"
"08/13/2019","0.697","0.697","0.697","0.697","1.74%"
"08/12/2019","0.685","0.685","0.685","0.685","0.91%"
"08/09/2019","0.679","0.679","0.679","0.679","-6.11%"
"08/08/2019","0.723","0.723","0.723","0.723","6.80%"
"08/07/2019","0.677","0.677","0.677","0.677","-3.58%"
"08/06/2019","0.702","0.702","0.702","0.702","1.81%"
"08/05/2019","0.689","0.689","0.689","0.689","-9.36%"
"08/02/2019","0.761","0.761","0.761","0.761","-5.37%"
"08/01/2019","0.804","0.804","0.804","0.804","-3.11%"
"07/31/2019","0.830","0.830","0.830","0.830","-4.22%"
"07/30/2019","0.866","0.866","0.866","0.866","-1.28%"
"07/29/2019","0.877","0.877","0.877","0.877","-4.15%"
"07/26/2019","0.915","0.915","0.915","0.915","-2.27%"
"07/25/2019","0.937","0.937","0.937","0.937","3.82%"
"07/24/2019","0.902","0.902","0.902","0.902","-0.43%"
"07/23/2019","0.906","0.906","0.906","0.906","-2.13%"
"07/22/2019","0.926","0.926","0.926","0.926","-1.85%"
"07/19/2019","0.943","0.943","0.943","0.943","-2.19%"
"07/18/2019","0.965","0.965","0.965","0.965","0.11%"
"07/17/2019","0.963","0.963","0.963","0.963","-3.88%"
"07/16/2019","1.002","1.002","1.002","1.002","0.05%"
"07/15/2019","1.002","1.002","1.002","1.002","-3.01%"
"07/12/2019","1.033","1.033","1.033","1.033","-0.32%"
"07/11/2019","1.036","1.036","1.036","1.036","5.98%"
"07/10/2019","0.978","0.978","0.978","0.978","4.44%"
"07/09/2019","0.936","0.936","0.936","0.936","0.05%"
"07/08/2019","0.936","0.936","0.936","0.936","-2.61%"
"07/05/2019","0.961","0.961","0.961","0.961","6.90%"
"07/04/2019","0.899","0.899","0.899","0.899","-1.56%"
"07/03/2019","0.913","0.913","0.913","0.913","-1.73%"
"07/02/2019","0.929","0.929","0.929","0.929","-9.12%"
"07/01/2019","1.022","1.022","1.022","1.022","-1.33%"
"06/28/2019","1.036","1.036","1.036","1.036","1.13%"
"06/27/2019","1.024","1.024","1.024","1.024","-0.24%"
"06/26/2019","1.027","1.027","1.027","1.027","4.07%"
"06/25/2019","0.987","0.987","0.987","0.987","-2.01%"
"06/24/2019","1.007","1.007","1.007","1.007","-2.44%"
"06/21/2019","1.032","1.032","1.032","1.032","3.97%"
"06/20/2019","0.993","0.993","0.993","0.993","-4.67%"
"06/19/2019","1.041","1.041","1.041","1.041","4.37%"
"06/18/2019","0.998","0.998","0.998","0.998","-4.05%"
"06/17/2019","1.040","1.040","1.040","1.040","0.00%"
"06/14/2019","1.039","1.039","1.039","1.039","0.51%"
"06/13/2019","1.034","1.034","1.034","1.034","-2.46%"
"06/12/2019","1.060","1.060","1.060","1.060","1.05%"
"06/11/2019","1.049","1.049","1.049","1.049","2.39%"
"06/10/2019","1.025","1.025","1.025","1.025","2.29%"
"06/07/2019","1.002","1.002","1.002","1.002","-1.97%"
"06/06/2019","1.022","1.022","1.022","1.022","-3.41%"
"06/05/2019","1.058","1.058","1.058","1.058","-3.76%"
"06/04/2019","1.099","1.099","1.099","1.099","2.85%"
"06/03/2019","1.069","1.069","1.069","1.069","-2.86%"
"05/31/2019","1.100","1.100","1.100","1.100","-0.79%"
"05/30/2019","1.109","1.109","1.109","1.109","0.00%"
"05/29/2019","1.109","1.109","1.109","1.109","-1.71%"
"05/28/2019","1.128","1.128","1.128","1.128","-2.64%"
"05/27/2019","1.159","1.159","1.159","1.159","0.13%"
"05/24/2019","1.158","1.158","1.158","1.158","0.85%"
"05/23/2019","1.148","1.148","1.148","1.148","-4.10%"
"05/22/2019","1.197","1.197","1.197","1.197","-5.01%"
"05/21/2019","1.260","1.260","1.260","1.260","1.34%"
"05/20/2019","1.243","1.243","1.243","1.243","2.05%"
"05/17/2019","1.218","1.218","1.218","1.218","-3.53%"
"05/16/2019","1.263","1.263","1.263","1.263","1.26%"
"05/15/2019","1.247","1.247","1.247","1.247","-2.78%"
"05/14/2019","1.283","1.283","1.283","1.283","0.43%"
"05/13/2019","1.278","1.278","1.278","1.278","-2.81%"
"05/10/2019","1.314","1.314","1.314","1.314","0.27%"
"05/09/2019","1.311","1.311","1.311","1.311","-0.75%"
"05/08/2019","1.321","1.321","1.321","1.321","-0.70%"
"05/07/2019","1.330","1.330","1.330","1.330","-4.03%"
"05/06/2019","1.386","1.386","1.386","1.386","-0.30%"
"05/03/2019","1.390","1.390","1.390","1.390","2.33%"
"05/02/2019","1.359","1.359","1.359","1.359","3.26%"
"05/01/2019","1.316","1.316","1.316","1.316","-2.53%"
"04/30/2019","1.350","1.350","1.350","1.350","1.29%"
"04/29/2019","1.332","1.332","1.332","1.332","1.48%"
"04/26/2019","1.313","1.313","1.313","1.313","-1.01%"
"04/25/2019","1.327","1.327","1.327","1.327","-2.02%"
"04/24/2019","1.354","1.354","1.354","1.354","-3.27%"
"04/23/2019","1.400","1.400","1.400","1.400","1.34%"
"04/22/2019","1.381","1.381","1.381","1.381","0.00%"
"04/19/2019","1.381","1.381","1.381","1.381","0.34%"
"04/18/2019","1.376","1.376","1.376","1.376","-2.64%"
"04/17/2019","1.414","1.414","1.414","1.414","1.35%"
"04/16/2019","1.395","1.395","1.395","1.395","-0.24%"
"04/15/2019","1.398","1.398","1.398","1.398","0.08%"
"04/12/2019","1.397","1.397","1.397","1.397","4.60%"
"04/11/2019","1.336","1.336","1.336","1.336","4.48%"
"04/10/2019","1.278","1.278","1.278","1.278","-1.35%"
"04/09/2019","1.296","1.296","1.296","1.296","-1.44%"
"04/08/2019","1.315","1.315","1.315","1.315","-0.27%"
"04/05/2019","1.319","1.319","1.319","1.319","2.30%"
"04/04/2019","1.289","1.289","1.289","1.289","-0.92%"
"04/03/2019","1.301","1.301","1.301","1.301","7.26%"
"04/02/2019","1.213","1.213","1.213","1.213","-2.95%"
"04/01/2019","1.250","1.250","1.250","1.250","4.55%"
"03/29/2019","1.195","1.195","1.195","1.195","-0.16%"
"03/28/2019","1.197","1.197","1.197","1.197","-0.83%"
"03/27/2019","1.207","1.207","1.207","1.207","1.28%"
"03/26/2019","1.192","1.192","1.192","1.192","2.54%"
"03/25/2019","1.162","1.162","1.162","1.162","-2.96%"
"03/22/2019","1.198","1.198","1.198","1.198","-3.98%"
"03/21/2019","1.247","1.247","1.247","1.247","-6.58%"
"03/20/2019","1.335","1.335","1.335","1.335","-3.39%"
"03/19/2019","1.382","1.382","1.382","1.382","-0.23%"
"03/18/2019","1.385","1.385","1.385","1.385","-0.82%"
"03/15/2019","1.397","1.397","1.397","1.397","-1.09%"
"03/14/2019","1.412","1.412","1.412","1.412","1.91%"
"03/13/2019","1.386","1.386","1.386","1.386","3.10%"
"03/12/2019","1.344","1.344","1.344","1.344","-1.55%"
"03/11/2019","1.365","1.365","1.365","1.365","-0.13%"
"03/08/2019","1.367","1.367","1.367","1.367","0.29%"
"03/07/2019","1.363","1.363","1.363","1.363","-3.67%"
"03/06/2019","1.415","1.415","1.415","1.415","-3.72%"
"03/05/2019","1.470","1.470","1.470","1.470","-0.06%"
"03/04/2019","1.471","1.471","1.471","1.471","-1.10%"
"03/01/2019","1.487","1.487","1.487","1.487","-0.32%"
"02/28/2019","1.492","1.492","1.492","1.492","0.97%"
"02/27/2019","1.477","1.477","1.477","1.477","5.29%"
"02/26/2019","1.403","1.403","1.403","1.403","2.44%"
"02/25/2019","1.370","1.370","1.370","1.370","1.28%"
"02/22/2019","1.352","1.352","1.352","1.352","-2.74%"
"02/21/2019","1.390","1.390","1.390","1.390","1.81%"
"02/20/2019","1.366","1.366","1.366","1.366","0.75%"
"02/19/2019","1.356","1.356","1.356","1.356","0.00%"
"02/18/2019","1.356","1.356","1.356","1.356","0.33%"
"02/15/2019","1.351","1.351","1.351","1.351","0.86%"
"02/14/2019","1.340","1.340","1.340","1.340","-1.21%"
"02/13/2019","1.356","1.356","1.356","1.356","0.34%"
"02/12/2019","1.352","1.352","1.352","1.352","0.22%"
"02/11/2019","1.349","1.349","1.349","1.349","1.67%"
"02/08/2019","1.326","1.326","1.326","1.326","-1.98%"
"02/07/2019","1.353","1.353","1.353","1.353","-2.23%"
"02/06/2019","1.384","1.384","1.384","1.384","-1.57%"
"02/05/2019","1.406","1.406","1.406","1.406","-2.64%"
"02/04/2019","1.444","1.444","1.444","1.444","1.96%"
"02/01/2019","1.416","1.416","1.416","1.416","1.30%"
"01/31/2019","1.398","1.398","1.398","1.398","-2.73%"
"01/30/2019","1.438","1.438","1.438","1.438","-0.58%"
"01/29/2019","1.446","1.446","1.446","1.446","-0.17%"
"01/28/2019","1.448","1.448","1.448","1.448","-2.27%"
"01/25/2019","1.482","1.482","1.482","1.482","2.85%"
"01/24/2019","1.441","1.441","1.441","1.441","-3.62%"
"01/23/2019","1.495","1.495","1.495","1.495","0.21%"
"01/22/2019","1.492","1.492","1.492","1.492","0.11%"
"01/21/2019","1.490","1.490","1.490","1.490","-1.58%"
"01/18/2019","1.514","1.514","1.514","1.514","0.61%"
"01/17/2019","1.505","1.505","1.505","1.505","1.53%"
"01/16/2019","1.482","1.482","1.482","1.482","3.02%"
"01/15/2019","1.439","1.439","1.439","1.439","-2.28%"
"01/14/2019","1.472","1.472","1.472","1.472","1.02%"
"01/11/2019","1.457","1.457","1.457","1.457","1.14%"
"01/10/2019","1.441","1.441","1.441","1.441","1.44%"
"01/09/2019","1.421","1.421","1.421","1.421","-0.25%"
"01/08/2019","1.424","1.424","1.424","1.424","0.66%"
"01/07/2019","1.415","1.415","1.415","1.415","-0.30%"
"01/04/2019","1.419","1.419","1.419","1.419","4.36%"
"01/03/2019","1.360","1.360","1.360","1.360","-1.04%"
"01/02/2019","1.374","1.374","1.374","1.374","-3.61%"
"01/01/2019","1.426","1.426","1.426","1.426","-0.07%"
"12/31/2018","1.426","1.426","1.426","1.426","0.42%"
"12/28/2018","1.421","1.421","1.421","1.421","-2.23%"
"12/27/2018","1.453","1.453","1.453","1.453","2.43%"
"12/26/2018","1.418","1.418","1.418","1.418","0.00%"
"12/25/2018","1.418","1.418","1.418","1.418","-0.06%"
"12/24/2018","1.419","1.419","1.419","1.419","-3.09%"
"12/21/2018","1.464","1.464","1.464","1.464","0.83%"
"12/20/2018","1.452","1.452","1.452","1.452","0.00%"
"12/19/2018","1.453","1.453","1.453","1.453","-0.68%"
"12/18/2018","1.463","1.463","1.463","1.463","1.07%"
"12/17/2018","1.447","1.447","1.447","1.447","0.39%"
"12/14/2018","1.442","1.442","1.442","1.442","-3.25%"
"12/13/2018","1.490","1.490","1.490","1.490","2.13%"
"12/12/2018","1.459","1.459","1.459","1.459","5.23%"
"12/11/2018","1.386","1.386","1.386","1.386","-1.14%"
"12/10/2018","1.402","1.402","1.402","1.402","-3.36%"
"12/07/2018","1.451","1.451","1.451","1.451","0.00%"
"12/06/2018","1.451","1.451","1.451","1.451","-3.20%"
"12/05/2018","1.499","1.499","1.499","1.499","2.22%"
"12/04/2018","1.466","1.466","1.466","1.466","-2.32%"
"12/03/2018","1.501","1.501","1.501","1.501","-3.18%"
"11/30/2018","1.551","1.551","1.551","1.551","0.12%"
"11/29/2018","1.549","1.549","1.549","1.549","0.63%"
"11/28/2018","1.539","1.539","1.539","1.539","-0.45%"
"11/27/2018","1.546","1.546","1.546","1.546","-1.90%"
"11/26/2018","1.576","1.576","1.576","1.576","1.41%"
"11/23/2018","1.554","1.554","1.554","1.554","-1.99%"
"11/22/2018","1.586","1.586","1.586","1.586","1.85%"
"11/21/2018","1.557","1.557","1.557","1.557","0.00%"
"11/20/2018","1.557","1.557","1.557","1.557","0.78%"
"11/19/2018","1.545","1.545","1.545","1.545","-1.45%"
"11/16/2018","1.568","1.568","1.568","1.568","2.26%"
"11/15/2018","1.533","1.533","1.533","1.533","-7.26%"
"11/14/2018","1.653","1.653","1.653","1.653","-0.73%"
"11/13/2018","1.666","1.666","1.666","1.666","2.94%"
"11/12/2018","1.618","1.618","1.618","1.618","-2.08%"
"11/09/2018","1.652","1.652","1.652","1.652","-3.71%"
"11/08/2018","1.716","1.716","1.716","1.716","2.36%"
"11/07/2018","1.676","1.676","1.676","1.676","0.37%"
"11/06/2018","1.670","1.670","1.670","1.670","1.33%"
"11/05/2018","1.648","1.648","1.648","1.648","0.20%"
"11/02/2018","1.645","1.645","1.645","1.645","2.82%"
"11/01/2018","1.600","1.600","1.600","1.600","0.92%"
"10/31/2018","1.585","1.585","1.585","1.585","3.10%"
"10/30/2018","1.538","1.538","1.538","1.538","0.29%"
"10/29/2018","1.533","1.533","1.533","1.533","0.00%"
"10/26/2018","1.533","1.533","1.533","1.533","-2.69%"
"10/25/2018","1.575","1.575","1.575","1.575","-0.42%"
"10/24/2018","1.582","1.582","1.582","1.582","-1.45%"
"10/23/2018","1.605","1.605","1.605","1.605","-2.00%"
"10/22/2018","1.638","1.638","1.638","1.638","-2.12%"
"10/19/2018","1.673","1.673","1.673","1.673","1.61%"
"10/18/2018","1.646","1.646","1.646","1.646","-1.74%"
"10/17/2018","1.676","1.676","1.676","1.676","-0.98%"
"10/16/2018","1.692","1.692","1.692","1.692","-0.70%"
"10/15/2018","1.704","1.704","1.704","1.704","-0.58%"
"10/12/2018","1.714","1.714","1.714","1.714","-2.70%"
"10/11/2018","1.762","1.762","1.762","1.762","-1.79%"
"10/10/2018","1.794","1.794","1.794","1.794","1.18%"
"10/09/2018","1.773","1.773","1.773","1.773","2.03%"
"10/08/2018","1.737","1.737","1.737","1.737","-2.57%"
"10/05/2018","1.783","1.783","1.783","1.783","3.89%"
"10/04/2018","1.717","1.717","1.717","1.717","3.79%"
"10/03/2018","1.654","1.654","1.654","1.654","2.92%"
"10/02/2018","1.607","1.607","1.607","1.607","-2.95%"
"10/01/2018","1.656","1.656","1.656","1.656","0.57%"
"09/28/2018","1.646","1.646","1.646","1.646","-0.72%"
"09/27/2018","1.658","1.658","1.658","1.658","0.41%"
"09/26/2018","1.652","1.652","1.652","1.652","-1.99%"
"09/25/2018","1.685","1.685","1.685","1.685","0.41%"
"09/24/2018","1.678","1.678","1.678","1.678","3.45%"
"09/21/2018","1.622","1.622","1.622","1.622","-1.95%"
"09/20/2018","1.655","1.655","1.655","1.655","-1.29%"
"09/19/2018","1.676","1.676","1.676","1.676","2.11%"
"09/18/2018","1.641","1.641","1.641","1.641","1.60%"
"09/17/2018","1.615","1.615","1.615","1.615","0.88%"
"09/14/2018","1.601","1.601","1.601","1.601","1.25%"
"09/13/2018","1.582","1.582","1.582","1.582","0.76%"
"09/12/2018","1.570","1.570","1.570","1.570","-0.55%"
"09/11/2018","1.578","1.578","1.578","1.578","1.64%"
"09/10/2018","1.553","1.553","1.553","1.553","1.46%"
"09/07/2018","1.531","1.531","1.531","1.531","1.31%"
"09/06/2018","1.511","1.511","1.511","1.511","-1.99%"
"09/05/2018","1.541","1.541","1.541","1.541","0.82%"
"09/04/2018","1.529","1.529","1.529","1.529","1.09%"
"09/03/2018","1.512","1.512","1.512","1.512","-1.59%"
"08/31/2018","1.537","1.537","1.537","1.537","-1.05%"
"08/30/2018","1.553","1.553","1.553","1.553","-1.37%"
"08/29/2018","1.575","1.575","1.575","1.575","1.82%"
"08/28/2018","1.546","1.546","1.546","1.546","1.49%"
"08/27/2018","1.524","1.524","1.524","1.524","0.31%"
"08/24/2018","1.519","1.519","1.519","1.519","-0.16%"
"08/23/2018","1.521","1.521","1.521","1.521","0.00%"
"08/22/2018","1.521","1.521","1.521","1.521","-0.61%"
"08/21/2018","1.530","1.530","1.530","1.530","2.55%"
"08/20/2018","1.492","1.492","1.492","1.492","-0.65%"
"08/17/2018","1.502","1.502","1.502","1.502","-0.25%"
"08/16/2018","1.506","1.506","1.506","1.506","0.32%"
"08/15/2018","1.501","1.501","1.501","1.501","-1.59%"
"08/14/2018","1.525","1.525","1.525","1.525","0.47%"
"08/13/2018","1.518","1.518","1.518","1.518","0.66%"
"08/10/2018","1.508","1.508","1.508","1.508","-3.00%"
"08/09/2018","1.555","1.555","1.555","1.555","-0.85%"
"08/08/2018","1.568","1.568","1.568","1.568","-0.68%"
"08/07/2018","1.579","1.579","1.579","1.579","1.10%"
"08/06/2018","1.562","1.562","1.562","1.562","-1.45%"
"08/03/2018","1.585","1.585","1.585","1.585","-2.67%"
"08/02/2018","1.628","1.628","1.628","1.628","-0.06%"
"08/01/2018","1.629","1.629","1.629","1.629","2.89%"
"07/31/2018","1.583","1.583","1.583","1.583","-0.24%"
"07/30/2018","1.587","1.587","1.587","1.587","3.46%"
"07/27/2018","1.534","1.534","1.534","1.534","0.66%"
"07/26/2018","1.524","1.524","1.524","1.524","0.79%"
"07/25/2018","1.512","1.512","1.512","1.512","-0.16%"
"07/24/2018","1.514","1.514","1.514","1.514","-0.15%"
"07/23/2018","1.517","1.517","1.517","1.517","1.92%"
"07/20/2018","1.488","1.488","1.488","1.488","3.26%"
"07/19/2018","1.441","1.441","1.441","1.441","-2.11%"
"07/18/2018","1.472","1.472","1.472","1.472","-2.09%"
"07/17/2018","1.504","1.504","1.504","1.504","-0.90%"
"07/16/2018","1.517","1.517","1.517","1.517","0.42%"
"07/13/2018","1.511","1.511","1.511","1.511","-0.43%"
"07/12/2018","1.518","1.518","1.518","1.518","-1.15%"
"07/11/2018","1.535","1.535","1.535","1.535","-0.38%"
"07/10/2018","1.541","1.541","1.541","1.541","2.00%"
"07/09/2018","1.511","1.511","1.511","1.511","-1.09%"
"07/06/2018","1.528","1.528","1.528","1.528","1.31%"
"07/05/2018","1.508","1.508","1.508","1.508","-1.00%"
"07/04/2018","1.523","1.523","1.523","1.523","2.60%"
"07/03/2018","1.485","1.485","1.485","1.485","-0.68%"
"07/02/2018","1.495","1.495","1.495","1.495","-1.30%"
"06/29/2018","1.514","1.514","1.514","1.514","1.31%"
"06/28/2018","1.495","1.495","1.495","1.495","-0.83%"
"06/27/2018","1.507","1.507","1.507","1.507","-2.19%"
"06/26/2018","1.541","1.541","1.541","1.541","0.98%"
"06/25/2018","1.526","1.526","1.526","1.526","-1.57%"
"06/22/2018","1.550","1.550","1.550","1.550","3.45%"
"06/21/2018","1.499","1.499","1.499","1.499","-2.35%"
"06/20/2018","1.535","1.535","1.535","1.535","1.66%"
"06/19/2018","1.510","1.510","1.510","1.510","-2.66%"
"06/18/2018","1.551","1.551","1.551","1.551","0.76%"
"06/15/2018","1.539","1.539","1.539","1.539","0.00%"
"06/14/2018","1.539","1.539","1.539","1.539","-2.37%"
"06/13/2018","1.577","1.577","1.577","1.577","-0.95%"
"06/12/2018","1.592","1.592","1.592","1.592","-0.48%"
"06/11/2018","1.599","1.599","1.599","1.599","0.62%"
"06/08/2018","1.590","1.590","1.590","1.590","-0.13%"
"06/07/2018","1.592","1.592","1.592","1.592","0.68%"
"06/06/2018","1.581","1.581","1.581","1.581","5.25%"
"06/05/2018","1.502","1.502","1.502","1.502","-1.59%"
"06/04/2018","1.526","1.526","1.526","1.526","1.53%"
"06/01/2018","1.503","1.503","1.503","1.503","3.34%"
"05/31/2018","1.455","1.455","1.455","1.455","-0.90%"
"05/30/2018","1.468","1.468","1.468","1.468","3.45%"
"05/29/2018","1.419","1.419","1.419","1.419","-6.44%"
"05/28/2018","1.516","1.516","1.516","1.516","0.21%"
"05/25/2018","1.513","1.513","1.513","1.513","-4.08%"
"05/24/2018","1.578","1.578","1.578","1.578","-2.01%"
"05/23/2018","1.610","1.610","1.610","1.610","-3.79%"
"05/22/2018","1.673","1.673","1.673","1.673","1.94%"